,1,2,3,4,5,difficulty
1970,p,l,a,y,s,543.3920789527558
2453,w,h,e,e,l,588.2101480880697
1256,d,r,o,w,n,643.1483985117674
1590,f,o,r,t,h,654.066465431853
546,b,r,i,c,k,691.4730092187398
847,c,o,a,s,t,695.3333494131347
1882,n,i,g,h,t,754.1926962485499
944,c,r,a,n,e,756.2115833688866
2386,t,y,r,e,s,762.6212704071448
1377,e,p,o,c,h,765.7950886760113
1886,n,o,d,e,s,770.5370856995537
759,c,h,i,n,e,776.2245157673173
1728,j,o,k,e,s,778.6932591881866
656,c,a,m,p,s,782.1251682442324
1049,d,a,n,d,y,790.5014077300772
483,b,o,o,k,s,794.3533897688424
684,c,a,r,o,m,797.1636371595386
572,b,r,u,n,t,799.0448410322873
2051,r,e,s,e,t,801.0908149798125
633,c,a,c,h,e,805.3639686878915
1865,m,u,s,i,c,814.8106458500115
24,a,c,t,e,d,818.9326671503702
2039,r,e,a,c,t,819.1367360509098
157,a,p,p,l,y,821.2321533318557
877,c,o,m,a,s,822.7633388147002
2340,t,o,t,a,l,826.8620005122615
1917,o,u,t,e,r,830.9021252609276
1544,f,i,v,e,s,832.3080592298857
858,c,o,d,e,d,832.5523449077554
2412,v,e,n,t,s,840.9447697821979
776,c,h,u,b,s,841.3903570339083
2321,t,h,r,e,w,846.1603447934247
2108,s,c,o,o,p,848.9358757124907
641,c,a,g,e,y,849.5347767995119
936,c,o,w,l,s,853.7513386420594
1163,d,i,z,z,y,855.6233233390292
1793,l,o,o,s,e,859.3969003961515
1043,d,a,i,s,y,859.9440715725002
819,c,l,i,m,b,860.8808157261062
2143,s,h,i,n,e,860.920236404511
1533,f,i,n,i,s,871.6225803529011
1855,m,o,n,e,y,871.657143426613
2202,s,p,a,c,e,872.4022763839165
83,a,l,g,a,e,876.478262810549
1322,e,b,o,o,k,876.9412158815782
216,a,u,r,a,s,885.1613489130052
2095,s,a,n,d,y,890.5304176826291
1070,d,e,a,t,h,891.1257354064329
620,b,u,x,o,m,891.5323575191558
1401,e,v,o,k,e,891.7073762452443
593,b,u,n,c,h,891.7699997365327
167,a,r,e,c,a,892.516266068527
900,c,o,o,l,s,892.6949397014405
2003,p,r,o,v,e,895.6320482138123
2378,t,u,r,b,o,902.6272863177587
1230,d,r,a,w,n,902.7805473291885
2189,s,n,e,a,k,904.956649013481
1981,p,o,r,c,h,909.8023843940533
1746,l,a,b,o,r,909.8316188685703
228,a,w,a,r,e,910.2214851381809
2151,s,h,o,p,s,910.752405145215
1740,k,n,i,f,e,911.9466878973795
1435,f,a,i,r,s,916.0212778058763
2394,u,n,t,i,l,917.3135334681467
862,c,o,d,o,n,918.9460060182097
698,c,a,u,l,k,918.9960976129507
2259,s,t,r,a,p,921.2378052568062
1635,g,r,a,m,s,923.7132752899977
1967,p,l,a,n,s,925.2911455505424
1206,d,o,u,s,e,926.3900796300533
1158,d,i,v,e,d,931.0857555734536
1425,f,a,c,e,s,932.9396427580468
1791,l,o,o,k,s,937.7523641691577
30,a,d,d,e,d,938.3332668025574
525,b,r,a,i,d,939.2343521361549
589,b,u,l,l,s,940.1100322809016
493,b,o,o,z,y,942.2125011283546
383,b,i,l,l,s,942.7567350319889
1457,f,a,t,s,o,945.261529666933
1649,g,r,i,n,d,946.4910040237634
192,a,s,k,e,w,950.3705080300208
1983,p,o,r,t,s,951.147158700655
596,b,u,n,k,s,955.6489702443022
2460,w,i,d,e,r,957.2771186945589
1810,m,a,k,e,s,958.3686578396778
455,b,o,d,e,d,959.226820832314
865,c,o,i,f,s,959.8582622013615
277,b,a,r,b,s,960.5059379254719
1493,f,e,s,t,s,961.0273585409558
2366,t,r,i,p,s,961.1430990994247
928,c,o,u,r,t,961.1430995326784
2409,v,a,u,l,t,961.33605921144
153,a,p,a,r,t,962.274808532022
16,a,c,h,e,d,963.5631656033485
1167,d,o,d,o,s,964.5758504546156
165,a,r,e,a,l,968.5565418912576
752,c,h,i,l,d,970.456041417981
738,c,h,e,e,p,970.7002421150197
2294,t,e,a,c,h,970.828617885608
2261,s,t,r,i,p,971.5768230080002
1678,h,e,d,g,e,971.6426666597375
91,a,l,k,y,d,974.2248657886205
255,b,a,i,t,s,975.3274245896317
878,c,o,m,b,o,976.8900437473168
2404,v,a,g,u,e,977.3150386762352
1021,c,u,r,r,y,977.6901322223814
337,b,e,g,e,t,978.6003361342887
1073,d,e,b,u,g,979.5460779380608
1353,e,m,a,i,l,979.6425625726807
98,a,l,l,y,l,980.2676832686222
2449,w,e,l,l,s,982.1501031069247
991,c,r,o,w,s,982.9218145099943
490,b,o,o,t,s,984.9349138155907
158,a,p,r,o,n,986.2887664853826
997,c,r,u,s,h,986.4178603093991
800,c,l,a,m,s,986.7262568816482
1045,d,a,m,e,s,988.8625961553412
171,a,r,g,u,e,988.8925114032967
1685,h,i,l,l,s,989.3589081050794
702,c,a,v,e,s,990.7142590979096
438,b,l,o,w,s,992.1160993137283
2314,t,h,i,e,f,992.9736351020134
1737,k,i,n,d,s,993.7792264201831
44,a,d,o,r,n,994.8767182874084
1391,e,t,h,o,s,996.1802106886064
326,b,e,b,o,p,998.3934642201347
1895,n,u,r,s,e,999.3186254466287
2147,s,h,o,c,k,999.8397059500701
1003,c,u,b,i,c,1000.9105143489568
15,a,b,y,s,s,1001.0427739657815
281,b,a,r,e,s,1003.4585392337733
680,c,a,r,e,s,1007.8017241699881
1971,p,l,a,z,a,1008.5129200269504
1175,d,o,l,e,s,1010.0768455144196
52,a,f,o,o,t,1010.2915370137085
2120,s,e,l,l,s,1010.3210387364778
1307,e,a,g,l,e,1010.5960969539148
1907,o,p,e,n,s,1010.7773903628396
2085,r,u,i,n,s,1011.7251096274244
1157,d,i,v,a,s,1012.3391617656533
1255,d,r,o,v,e,1013.0572895325453
124,a,m,o,n,g,1013.1646792588484
166,a,r,e,a,s,1013.7607718171852
367,b,e,z,e,l,1014.2692016389581
2004,p,r,o,x,y,1014.8746522557689
1675,h,e,a,r,d,1015.3461707184545
1699,h,o,r,s,e,1015.9814138552537
1188,d,o,o,m,y,1016.6331498100463
943,c,r,a,m,s,1017.9993415111576
2234,s,t,a,r,t,1019.2614950850839
2237,s,t,a,y,s,1019.5370281138215
2352,t,r,a,i,l,1021.8961452252246
2083,r,o,y,a,l,1023.4103939074691
1836,m,e,s,s,y,1023.9105332121449
2341,t,o,u,c,h,1024.6766722691546
104,a,l,o,o,f,1026.3400590145627
214,a,u,n,t,y,1026.533765958957
95,a,l,l,o,t,1028.5042284046347
1870,n,a,m,e,s,1028.5343270436676
1103,d,e,n,s,e,1028.6270572836954
2463,w,i,n,d,s,1030.1016731192226
148,a,n,t,i,s,1030.5666604473554
959,c,r,e,e,d,1032.1210333604993
270,b,a,n,a,l,1032.9643373991696
2254,s,t,o,p,s,1033.4854068599727
2086,r,u,l,e,d,1035.2986063437304
972,c,r,i,e,r,1036.6167073592483
1342,e,l,b,o,w,1037.1755755422373
59,a,g,e,n,t,1038.0020759704466
2377,t,u,n,e,s,1038.6360773837703
1197,d,o,s,a,s,1038.6463511426196
139,a,n,i,s,e,1038.9061483975227
2470,w,i,v,e,s,1039.0242474931808
13,a,b,u,s,e,1039.067076678397
1109,d,e,t,e,r,1039.4716380399675
1048,d,a,n,c,e,1039.6824419088023
1192,d,o,p,e,s,1039.8596201149005
2227,s,t,a,g,e,1040.6078970771016
1343,e,l,d,e,r,1040.8387038341616
1512,f,i,f,e,s,1041.9964337510198
135,a,n,g,s,t,1042.0960827932026
941,c,r,a,g,s,1042.53390219405
2021,q,u,o,t,e,1042.8103582686808
849,c,o,a,t,s,1042.9858860857676
448,b,o,a,r,d,1044.1516130270231
2407,v,a,l,v,e,1044.2227382857964
173,a,r,i,a,s,1044.6796253562318
1815,m,a,r,r,y,1044.727871278535
2332,t,o,a,s,t,1045.745914243487
2243,s,t,e,e,r,1046.2721357976366
1584,f,o,c,u,s,1046.722547663514
2384,t,w,i,s,t,1048.0353062781846
2028,r,a,i,s,e,1048.072208370974
781,c,h,u,m,s,1048.1145954794486
1174,d,o,l,e,d,1048.3935220530027
1286,d,u,n,k,s,1048.5549061190388
1113,d,e,w,a,r,1049.257894596184
1151,d,i,t,c,h,1051.6706935784912
1331,e,d,i,t,s,1051.79022284696
2200,s,o,u,n,d,1051.961019114821
1071,d,e,b,i,t,1052.03890257357
1997,p,r,o,b,e,1052.0763912907664
1921,p,a,c,k,s,1052.1409154495393
2236,s,t,a,t,s,1052.514622401359
2029,r,a,l,l,y,1052.5816723251824
1813,m,a,r,c,h,1052.6758427377467
1124,d,i,g,i,t,1052.7746485306554
669,c,a,p,e,r,1052.782710649042
331,b,e,e,p,s,1054.1806668331803
394,b,i,r,d,s,1054.2336640071971
1328,e,d,g,e,s,1055.6312220494556
2486,w,r,i,t,e,1056.9308358348342
276,b,a,n,k,s,1058.1685470556024
1393,e,t,u,d,e,1058.9832275605581
629,c,a,b,e,r,1059.236919539508
402,b,l,a,c,k,1059.4545804788647
727,c,h,a,r,d,1060.576624034927
551,b,r,i,m,s,1061.2768840006888
2362,t,r,i,b,e,1062.2994572906782
1945,p,e,n,i,s,1062.4264660633999
2498,z,o,n,e,s,1063.7222114817207
794,c,i,v,i,l,1064.4244506384289
958,c,r,e,d,o,1065.193477690347
1589,f,o,r,m,s,1066.1160724114916
1591,f,o,r,t,y,1067.9819368956307
2142,s,h,i,f,t,1068.514629023069
1942,p,e,a,r,l,1069.3381374078274
1571,f,l,i,c,k,1070.251010750989
1665,h,a,n,d,s,1070.8929867038914
2087,r,u,l,e,r,1071.1155855424665
1392,e,t,h,y,l,1071.7457369216186
1955,p,i,e,c,e,1071.887375692596
1519,f,i,l,e,s,1072.3823860903103
2091,s,a,f,e,r,1072.6881947381632
375,b,i,g,h,t,1072.773824478553
2025,r,a,d,i,o,1073.0806656365753
2138,s,h,e,e,r,1073.6146670404928
77,a,i,s,l,e,1074.3374552025193
2376,t,u,n,e,d,1075.034031578201
1824,m,e,a,n,s,1075.650538741286
1631,g,o,o,d,s,1076.787430616235
1399,e,v,i,c,t,1077.5696249269872
2280,s,w,i,s,s,1078.734860107746
134,a,n,g,r,y,1078.7747688194713
1440,f,a,k,e,s,1079.9550632418388
1168,d,o,e,r,s,1081.2677582358758
311,b,a,y,o,u,1081.9064755501577
1147,d,i,s,c,o,1082.180560962426
2303,t,e,n,t,s,1082.6958221973925
2343,t,o,u,r,s,1083.9846185005918
1753,l,a,s,e,r,1084.2312068368562
2081,r,o,u,n,d,1084.7727678350245
520,b,o,z,o,s,1085.668729728725
1605,f,u,n,n,y,1087.8490228910696
2018,q,u,i,e,t,1088.589845258772
1847,m,i,n,u,s,1090.1049819505524
1546,f,i,x,e,r,1090.9224533333459
1193,d,o,p,e,y,1092.3543739590668
1804,l,u,n,g,s,1092.605713552146
614,b,u,s,h,y,1093.6249327930163
141,a,n,n,a,s,1093.9332303131996
1069,d,e,a,r,y,1094.293074245606
112,a,m,a,z,e,1094.5005236043296
484,b,o,o,m,s,1096.3925659697054
1240,d,r,i,e,r,1096.672946185621
802,c,l,a,n,k,1097.13911768514
1156,d,i,v,a,n,1098.2103860645993
568,b,r,o,w,n,1098.4559850638645
714,c,e,l,t,s,1098.6220392992868
2252,s,t,o,o,d,1098.6282020909325
121,a,m,i,s,s,1099.7723402417412
1530,f,i,n,e,d,1099.85575752737
745,c,h,e,w,s,1100.1189145192736
2225,s,t,a,c,k,1100.6749670765962
1999,p,r,o,n,e,1100.8248732366012
1142,d,i,o,d,e,1100.8597807176943
378,b,i,k,e,d,1101.3293441259436
1606,g,a,i,n,s,1102.2771803082683
725,c,h,a,o,s,1102.4336737369013
1333,e,e,r,i,e,1102.7234687785965
1720,i,n,t,r,o,1103.0240255160809
1517,f,i,l,e,d,1104.4790636668326
1658,g,u,e,s,t,1104.9258776536462
1887,n,o,i,s,e,1105.2898656648879
433,b,l,o,o,d,1105.677605657206
2442,w,a,t,t,s,1105.818085937908
676,c,a,r,b,s,1106.294729908186
1131,d,i,m,l,y,1106.6377811705322
1727,j,o,i,n,t,1106.7308904534545
1518,f,i,l,e,r,1107.2668062487999
1079,d,e,c,o,r,1107.340037377823
481,b,o,o,b,y,1107.6138661048274
587,b,u,l,k,y,1107.7954797806547
2265,s,t,y,l,e,1108.5587415095167
294,b,a,s,i,n,1108.720794920529
116,a,m,b,o,s,1110.0973751637769
2014,q,u,e,r,y,1110.4362842810892
2440,w,a,t,c,h,1110.5523552487402
2426,v,o,d,k,a,1111.376012356188
54,a,f,t,e,r,1112.0320868575548
2061,r,i,n,s,e,1112.450813686346
1320,e,b,b,e,d,1113.1628628838748
748,c,h,i,c,k,1113.5382638606254
106,a,l,p,h,a,1113.553918479215
1467,f,a,x,e,d,1113.9766908408985
2009,p,u,n,c,h,1114.217504792085
1250,d,r,o,n,e,1114.592017295385
523,b,r,a,d,s,1115.948262667092
415,b,l,e,e,p,1116.3457438385174
817,c,l,i,c,k,1117.301753306195
212,a,u,g,u,r,1117.3646004300854
1823,m,e,a,l,s,1118.0459457130194
1762,l,e,a,s,t,1118.1102903100991
1730,j,u,i,c,e,1119.0610284294542
1778,l,i,o,n,s,1119.2822117241412
2471,w,o,m,a,n,1119.6139859442185
232,a,x,e,l,s,1119.7473300766376
452,b,o,b,b,y,1122.254031145396
0,a,b,a,c,k,1122.6726126331669
287,b,a,r,r,e,1122.7557993717842
1769,l,i,k,e,d,1123.5148056285784
2132,s,h,a,m,e,1124.0517627371237
2381,t,w,e,e,t,1124.3177602704525
1801,l,u,c,k,y,1125.2876020512854
1,a,b,a,s,e,1125.3830450484393
1057,d,a,t,e,r,1125.4155558634843
71,a,i,d,e,s,1125.610096286433
1316,e,a,s,e,s,1126.2815278301923
1398,e,v,e,r,y,1126.8298828670556
1422,f,a,b,l,e,1127.0187234323519
1033,c,y,c,l,o,1127.6038849218023
1480,f,e,l,l,a,1128.0185821601115
1095,d,e,l,i,s,1128.4742466395721
109,a,l,t,o,s,1129.2237734972268
1235,d,r,e,c,k,1129.5638049576526
1031,c,y,c,a,d,1129.823370395955
1900,o,f,f,e,r,1130.724427700055
2217,s,p,l,i,t,1130.9180363900925
1923,p,a,i,n,s,1131.1556481721423
1042,d,a,i,r,y,1131.6824229832225
1092,d,e,k,e,s,1132.2940230604208
1295,d,u,s,t,y,1133.1409699858777
296,b,a,s,k,s,1133.361878642272
80,a,l,d,e,r,1133.5990600276225
646,c,a,l,f,s,1133.7601700191126
179,a,r,o,s,e,1133.771866678668
1683,h,e,r,b,s,1134.4997454147729
1444,f,a,m,e,d,1134.79897950198
1406,e,x,c,e,l,1134.8371578241306
2298,t,e,e,t,h,1134.9058120530908
647,c,a,l,i,f,1135.1848087611802
1837,m,e,t,a,l,1135.3007707213312
2353,t,r,a,i,n,1137.0160648784035
721,c,h,a,l,k,1137.3650218798857
1910,o,p,t,i,c,1138.8749143036844
2317,t,h,i,n,k,1139.1300192794872
1294,d,u,s,t,s,1139.427120823916
1436,f,a,i,r,y,1140.079375889572
1680,h,e,l,l,o,1141.0498788496889
1580,f,l,o,w,s,1141.412031865757
1119,d,i,c,e,s,1142.4929533503205
1702,h,o,u,r,s,1144.455925517715
450,b,o,a,s,t,1144.9041850896579
1318,e,a,t,e,r,1145.9830341967006
23,a,c,r,i,d,1146.2267865936274
446,b,l,u,r,t,1146.4162048613755
540,b,r,e,a,k,1146.6381910652467
1166,d,o,d,g,y,1147.9859332279434
348,b,e,l,o,w,1148.0438088434319
2233,s,t,a,r,s,1148.4247932123224
2416,v,i,e,w,s,1151.7890232171412
691,c,a,s,e,s,1152.6527180732128
64,a,g,o,n,y,1154.000028336866
1251,d,r,o,o,l,1154.0895952081946
328,b,e,e,c,h,1154.2508116948418
1087,d,e,i,f,y,1154.4034731147121
1695,h,o,o,k,s,1155.1444867049458
1210,d,o,w,e,r,1155.993475902605
262,b,a,l,e,r,1158.01844366704
2027,r,a,i,n,y,1158.6998864199293
1350,e,l,u,t,e,1159.8588357935557
542,b,r,e,e,d,1160.6943344608221
2178,s,l,i,c,e,1161.6934672410343
591,b,u,m,p,s,1161.9294528930284
187,a,s,h,e,n,1163.1482499092192
1412,e,x,p,a,t,1163.8587181222047
831,c,l,o,s,e,1163.9696507748745
731,c,h,a,s,e,1164.3377398887185
913,c,o,r,k,s,1164.428438881833
195,a,s,s,a,y,1164.8762746046878
373,b,i,d,e,s,1165.4688930534883
1735,k,i,l,l,s,1165.8526995935065
1749,l,a,m,p,s,1166.2363190837248
1334,e,g,g,e,d,1166.263847126975
2245,s,t,e,p,s,1166.860143870629
1833,m,e,r,g,e,1167.0790738312473
1061,d,a,u,n,t,1167.776648019441
1462,f,a,u,n,s,1168.3625313553102
1196,d,o,r,m,s,1168.9774519698312
1806,m,a,c,r,o,1169.2405830699727
1976,p,o,k,e,r,1169.9152789120767
1075,d,e,c,a,f,1170.2378107111872
1274,d,u,e,t,s,1170.4120048980185
651,c,a,l,v,e,1172.8805006743808
2256,s,t,o,r,m,1173.2021115371222
1453,f,a,s,t,s,1173.4047606025536
1609,g,a,s,e,s,1173.9170442948787
2435,w,a,l,k,s,1174.5726620601276
2432,w,a,g,e,s,1174.9378145252294
1641,g,r,a,s,s,1174.99000997404
376,b,i,g,o,t,1175.4833508286818
1830,m,e,l,e,e,1176.0609772938196
49,a,e,r,i,e,1176.8459254810195
707,c,e,d,a,r,1176.857296085634
75,a,i,o,l,i,1177.0945314183805
939,c,r,a,c,k,1177.1855927651284
1292,d,u,s,k,s,1178.0691511062023
234,a,x,i,l,s,1178.9096600343626
1504,f,i,b,e,r,1179.1587471515484
1363,e,n,d,e,d,1179.5796961655658
68,a,h,o,l,d,1179.8512576889339
907,c,o,r,a,l,1180.4907393559845
1323,e,c,h,o,s,1180.9043088031372
1349,e,l,u,d,e,1181.1790680893048
705,c,e,c,a,l,1181.699601977967
1973,p,l,u,g,s,1182.1255197628905
2403,u,s,u,a,l,1182.2654721088527
1630,g,o,i,n,g,1182.7203632611322
968,c,r,e,w,s,1183.2130788744491
1897,o,a,s,i,s,1183.3885607084014
1084,d,e,e,p,s,1183.4269282583823
2302,t,e,n,t,h,1183.5863550757658
50,a,f,f,i,x,1183.657701738036
2212,s,p,i,c,e,1184.475609394046
476,b,o,n,g,s,1185.0683398713054
1262,d,r,y,a,d,1185.3410802301407
2080,r,o,u,g,h,1185.7295277183662
1616,g,i,a,n,t,1185.7671970081308
2181,s,l,o,t,s,1186.2210706558403
358,b,e,r,r,y,1186.428667085141
662,c,a,n,i,d,1186.4689664331702
946,c,r,a,p,e,1187.0853246652334
202,a,t,m,a,n,1188.0643720752523
1805,l,y,i,n,g,1188.3625352809704
2008,p,u,m,p,s,1188.6657329014338
2201,s,o,u,t,h,1188.688091404003
2176,s,l,e,e,p,1189.1478444009376
1496,f,e,t,e,d,1190.1554436333388
223,a,v,o,i,d,1190.3405004769936
728,c,h,a,r,m,1190.6781806454915
2283,t,a,b,l,e,1192.1788188814292
537,b,r,a,y,s,1192.616975458148
1527,f,i,n,c,a,1192.6691878894262
880,c,o,m,e,r,1193.452981825986
1854,m,o,i,s,t,1194.6541251248354
1494,f,e,t,a,l,1195.0875016171149
1495,f,e,t,c,h,1195.1211077387422
1843,m,i,l,e,s,1195.3870846093923
1224,d,r,a,k,e,1195.5064555829076
196,a,s,s,e,s,1196.499861212926
1309,e,a,r,l,s,1196.5616234019724
2392,u,n,i,t,s,1196.796414114885
1186,d,o,n,u,t,1197.3602710393948
1890,n,o,r,t,h,1197.4972183222712
1055,d,a,s,h,i,1197.9303071862332
2459,w,h,o,s,e,1198.4688610052171
966,c,r,e,s,s,1198.9943407982373
625,b,y,t,e,s,1199.1475047017266
1213,d,o,w,r,y,1199.8519785088088
58,a,g,a,v,e,1200.346004814231
611,b,u,r,s,t,1200.5414063905537
2368,t,r,u,c,k,1201.0324160265016
888,c,o,m,p,s,1201.3334326451252
264,b,a,l,k,s,1202.1403308422782
46,a,d,z,e,s,1202.6935021148975
1899,o,c,e,a,n,1203.9553171212333
170,a,r,g,o,t,1203.986033221914
1105,d,e,p,o,t,1204.0258701925736
912,c,o,r,g,i,1204.7932213346064
1096,d,e,l,l,s,1205.1570964198881
1759,l,e,a,k,s,1205.3902496898497
284,b,a,r,m,y,1207.0600176345754
191,a,s,k,e,r,1207.1032706257101
65,a,g,o,r,a,1207.3253232828797
995,c,r,u,m,b,1207.5491326001177
975,c,r,i,m,p,1207.554084360999
717,c,h,a,f,e,1207.83539715358
1979,p,o,l,l,s,1208.6474745954476
51,a,f,i,r,e,1208.7671192319615
1461,f,a,u,n,a,1208.8236171377541
473,b,o,n,e,s,1209.405564769252
2133,s,h,a,p,e,1209.5567415690705
850,c,o,b,i,a,1210.2134715431503
896,c,o,n,i,c,1211.5601496601728
1988,p,o,u,n,d,1211.701515591596
133,a,n,g,l,e,1212.042366029061
571,b,r,u,i,t,1212.292051592427
1405,e,x,a,m,s,1213.0228358015909
505,b,o,s,u,n,1213.157611001427
2239,s,t,e,a,l,1213.179519377002
491,b,o,o,t,y,1213.306009659049
1663,h,a,i,r,s,1213.5109043834782
576,b,u,c,k,s,1214.2501202407575
2295,t,e,a,m,s,1214.432960119406
829,c,l,o,m,p,1215.1389598422809
147,a,n,t,i,c,1215.5735685824445
1552,f,l,a,i,l,1215.7108334674258
1788,l,o,d,g,e,1216.1239009525104
768,c,h,o,i,r,1216.9869259109455
194,a,s,p,i,c,1218.8325763090402
2290,t,a,s,k,s,1219.3704388267859
2495,y,o,u,r,s,1220.6986698605274
2431,v,o,t,e,s,1221.0179252732207
1901,o,f,t,e,n,1221.6407377024084
1598,f,r,i,e,s,1221.7517119794957
2411,v,e,i,n,s,1222.2101414551196
1660,g,u,i,l,d,1222.9475463163012
316,b,e,a,m,s,1223.0069651427045
933,c,o,v,e,y,1224.292833834522
285,b,a,r,n,s,1224.545469989906
330,b,e,e,f,y,1226.3580682820575
1564,f,l,a,w,s,1226.8400953723092
706,c,e,c,u,m,1226.9335825204278
150,a,n,v,i,l,1227.2428691764571
1893,n,o,t,e,s,1227.631283887204
2223,s,p,u,r,s,1228.096049339189
2193,s,o,l,i,d,1228.3353852415748
685,c,a,r,p,s,1228.634008109497
411,b,l,e,a,k,1229.1414630020613
1523,f,i,l,m,s,1229.319909580466
518,b,o,y,a,r,1230.1814648421966
1619,g,i,v,e,n,1230.204657655796
513,b,o,w,e,r,1230.771263964522
2123,s,e,r,u,m,1230.9132788183003
2134,s,h,a,r,e,1231.2515478797459
2250,s,t,o,l,e,1231.7939828861693
480,b,o,o,b,s,1231.8143193015128
1450,f,a,r,e,s,1232.696221762743
1761,l,e,a,s,e,1233.0783839736566
1246,d,r,i,p,s,1233.433318646646
1957,p,i,l,l,s,1233.670951683858
12,a,b,o,v,e,1233.947774082671
2481,w,o,r,t,h,1234.304160323527
360,b,e,r,y,l,1234.9030917545397
723,c,h,a,n,a,1236.4110497033591
1507,f,i,c,u,s,1236.9016104109958
1159,d,i,v,e,r,1237.1132556993673
1891,n,o,t,c,h,1237.68024821159
2222,s,p,r,a,y,1237.7553727174989
1347,e,l,i,t,e,1238.3361505765085
2287,t,a,l,k,s,1238.4976078559728
772,c,h,o,r,d,1238.6505199161163
117,a,m,e,n,d,1238.8541376227206
1543,f,i,v,e,r,1238.873786651635
1312,e,a,r,t,h,1239.1111438550176
722,c,h,a,m,p,1240.597093625585
925,c,o,u,n,t,1240.8639219732227
403,b,l,a,d,e,1241.4273117794344
1800,l,o,y,a,l,1241.5448957302087
2399,u,r,i,n,e,1242.5344169032971
395,b,i,r,t,h,1242.6046222946059
917,c,o,r,n,u,1242.934468447484
2160,s,i,g,m,a,1243.906724570325
1315,e,a,s,e,r,1244.382348038462
909,c,o,r,e,d,1244.4003721089914
990,c,r,o,w,n,1244.9755100802313
1672,h,a,v,e,n,1245.2882001026576
333,b,e,e,r,y,1246.0315355324392
1532,f,i,n,e,s,1246.1823131421256
1966,p,l,a,n,e,1247.2349150332982
343,b,e,l,c,h,1247.2735781490815
181,a,r,r,o,w,1247.2748955177246
474,b,o,n,e,y,1247.511087681173
1433,f,a,i,l,s,1247.6629199348804
1176,d,o,l,l,s,1248.265311504667
1139,d,i,n,k,s,1248.4549694762968
1821,m,a,y,b,e,1248.9383957345526
2125,s,e,t,u,p,1248.9931123912265
1771,l,i,m,b,s,1249.3099809976115
1456,f,a,t,e,s,1250.1029664828266
828,c,l,o,g,s,1250.9948951793835
893,c,o,n,e,s,1251.1781457590323
502,b,o,s,o,m,1252.5079706384622
2096,s,a,t,i,n,1253.0847119963557
549,b,r,i,e,r,1253.3087959351906
2205,s,p,e,a,k,1254.2235907791373
2309,t,h,e,i,r,1254.5374785800204
72,a,i,l,e,d,1254.7072670084583
374,b,i,d,e,t,1255.0565946887345
2369,t,r,u,l,y,1255.194695186613
2289,t,a,p,e,s,1255.1950069863342
1201,d,o,t,e,s,1255.3606041620824
267,b,a,l,m,s,1255.7799158848002
2031,r,a,n,g,e,1256.052708405278
2326,t,i,l,e,s,1256.376067933431
692,c,a,s,k,s,1256.3877037718821
489,b,o,o,t,h,1256.4435853397492
521,b,r,a,c,e,1256.4513678088897
1715,i,n,c,u,r,1256.7217000157398
683,c,a,r,o,l,1257.2458867884875
2169,s,k,i,l,l,1257.2556610251986
1321,e,b,o,n,y,1257.697182994849
1700,h,o,s,t,s,1257.7657221703623
1138,d,i,n,g,y,1258.2059696372678
356,b,e,r,g,s,1259.8672896742403
1408,e,x,e,r,t,1260.2054613788525
628,c,a,b,b,y,1260.6726950131726
36,a,d,i,t,s,1260.9377402121017
1177,d,o,l,l,y,1260.9691838259425
2088,r,u,l,e,s,1261.337827239965
1355,e,m,b,e,r,1262.93381443296
1242,d,r,i,f,t,1263.1154012039897
804,c,l,a,p,s,1264.1328434840773
472,b,o,n,e,r,1264.392354790888
1587,f,o,o,d,s,1264.9976500245273
2187,s,n,a,c,k,1265.3376060412863
1013,c,u,r,b,s,1265.5019808925508
1706,h,u,m,o,r,1265.8036346839592
553,b,r,i,n,g,1266.3747396979397
2333,t,o,d,a,y,1266.6784373066048
1701,h,o,t,e,l,1266.9173971111738
388,b,i,n,g,e,1267.230408664357
1162,d,i,v,v,y,1267.2490216541657
1998,p,r,o,m,o,1267.4489683137867
2210,s,p,e,n,t,1267.7025164707156
467,b,o,l,u,s,1268.029075991375
1777,l,i,n,k,s,1268.3565415149274
497,b,o,r,e,r,1269.3317708051813
324,b,e,a,u,t,1269.6505218778816
1257,d,r,u,g,s,1269.7118360684171
27,a,c,u,t,e,1269.8579555504355
1338,e,i,g,h,t,1270.1057141352082
100,a,l,o,f,t,1270.2068400778949
1742,k,n,o,t,s,1270.7442103369406
693,c,a,s,t,e,1271.2350723344289
201,a,t,l,a,s,1271.4084133531167
447,b,l,u,s,h,1272.0127397559427
1114,d,h,i,k,r,1272.5158702293663
2076,r,o,o,m,s,1273.0181490112814
2179,s,l,i,d,e,1274.141721491811
1613,g,e,n,e,s,1274.4817341574615
1780,l,i,v,e,d,1274.5652423634467
2152,s,h,o,r,e,1274.6099312735917
743,c,h,e,s,s,1275.0511720689362
1051,d,a,r,e,s,1275.1231918769881
341,b,e,i,n,g,1275.2989481924214
1052,d,a,r,k,s,1275.6047153951972
1885,n,o,b,l,e,1276.293221245131
622,b,u,z,z,y,1276.3378480246429
247,b,a,c,o,n,1277.4545753491225
736,c,h,e,c,k,1277.5763737781326
1862,m,o,v,e,d,1277.940925987617
1395,e,v,a,d,e,1278.1176670521572
2249,s,t,o,c,k,1278.2303574538096
2285,t,a,k,e,s,1278.7617741120532
1136,d,i,n,g,o,1279.5195374013538
1866,m,y,t,h,s,1279.8021252627154
1351,e,l,v,e,n,1279.8306100175682
1281,d,u,m,m,y,1280.4522991061642
17,a,c,h,e,s,1280.4743026805886
2130,s,h,a,k,e,1280.8500632060964
1172,d,o,g,m,a,1280.937847063712
778,c,h,u,f,f,1281.7375017941072
607,b,u,r,q,a,1281.8432157217053
650,c,a,l,m,s,1282.0411564719873
1324,e,c,l,a,t,1282.5881472544504
1314,e,a,s,e,l,1283.143263912397
1190,d,o,o,z,y,1283.809370143112
859,c,o,d,e,r,1283.968246800422
739,c,h,e,e,r,1283.977671181144
271,b,a,n,d,s,1284.4255419368385
2456,w,h,i,l,e,1284.5354240505205
1064,d,a,z,e,d,1284.8298873893177
1129,d,i,m,e,r,1284.85851218654
177,a,r,m,o,r,1285.047871742094
980,c,r,o,c,s,1286.5647224768122
1931,p,a,r,t,s,1286.6629593610583
1428,f,a,c,t,s,1286.8030110517736
2016,q,u,e,u,e,1287.09150613844
1708,i,c,o,n,s,1287.2183900716018
274,b,a,n,g,s,1287.582692173657
543,b,r,e,w,s,1288.7593856176572
932,c,o,v,e,t,1288.7814188114035
1992,p,r,i,d,e,1289.4019760880678
1254,d,r,o,s,s,1290.2277625684796
2171,s,k,i,r,t,1290.5772495149433
2291,t,a,s,t,e,1290.7213952433947
597,b,u,n,n,y,1290.8430052432357
432,b,l,o,n,d,1290.9300343069333
1977,p,o,l,a,r,1291.0846599711322
908,c,o,r,d,s,1291.1309901492507
2048,r,e,n,a,l,1291.4409442698836
791,c,i,t,e,s,1291.7910148548765
458,b,o,g,e,y,1292.0227010785961
69,a,i,d,e,d,1292.5811043515794
1374,e,n,v,o,y,1293.0388938213318
1650,g,r,i,p,s,1293.5296491546394
869,c,o,l,a,s,1293.708340883079
1996,p,r,i,z,e,1294.276910739646
2006,p,u,l,l,s,1294.383765065278
638,c,a,f,e,s,1294.5868612002926
770,c,h,o,m,p,1294.6987380537478
1110,d,e,t,o,x,1295.0878895811882
1863,m,o,v,e,s,1295.1227363335424
2165,s,i,x,t,h,1295.511534503442
329,b,e,e,f,s,1297.1207411753091
1994,p,r,i,n,t,1297.151526054295
715,c,e,n,t,s,1297.872637207247
286,b,a,r,o,n,1298.0261053386826
444,b,l,u,r,b,1298.7756595602882
1447,f,a,n,n,y,1300.8644488164412
2032,r,a,n,k,s,1301.5911949982726
1646,g,r,e,e,t,1301.6285133418226
119,a,m,i,n,e,1302.20824855013
2136,s,h,a,r,p,1302.2748800320685
2209,s,p,e,n,d,1302.3856463267575
1231,d,r,a,w,s,1302.4476598824585
86,a,l,i,b,i,1302.942131758518
1022,c,u,r,s,e,1303.0647447118306
904,c,o,p,e,s,1303.3504480950317
89,a,l,i,k,e,1303.6750247406999
803,c,l,a,n,s,1303.7424960795342
1232,d,r,a,y,s,1304.2166206788022
1266,d,u,c,a,l,1304.4541894650258
380,b,i,k,e,s,1304.7882387780562
872,c,o,l,i,c,1305.124069987173
767,c,h,o,c,k,1306.212568622051
940,c,r,a,f,t,1306.383932845167
241,a,z,o,l,e,1307.652900315698
1991,p,r,i,c,e,1307.8934161222446
1828,m,e,d,i,a,1308.0114590084345
1487,f,e,n,d,s,1308.0262249212215
1953,p,i,a,n,o,1308.0285606959558
797,c,l,a,d,e,1309.9180909097984
1304,d,y,i,n,g,1310.1273821597085
689,c,a,r,v,e,1310.4719774065927
1284,d,u,n,c,e,1310.8719780422418
1634,g,r,a,i,n,1311.0458869429717
2388,u,n,c,l,e,1311.3451925465351
1904,o,m,e,g,a,1311.7678741620637
1736,k,i,n,d,a,1312.0445890022236
2448,w,e,i,r,d,1312.124117870172
720,c,h,a,i,r,1312.2800673845823
2214,s,p,i,k,e,1312.8153471607995
1889,n,o,r,m,s,1312.930485258412
1088,d,e,i,g,n,1313.0223575500856
414,b,l,e,e,d,1313.1175154027646
2497,y,u,m,m,y,1313.5935667891674
2330,t,i,r,e,s,1315.3044454393862
389,b,i,n,g,o,1315.9861974847684
815,c,l,e,f,t,1317.5658363184668
2267,s,u,g,a,r,1318.3591152032266
113,a,m,b,e,r,1318.6775774531377
1378,e,p,o,x,y,1319.1448780285916
2056,r,i,d,g,e,1319.7035665693388
2355,t,r,a,n,s,1319.7105044905256
2241,s,t,e,e,l,1319.9534594828624
2468,w,i,r,e,s,1320.1206866761424
519,b,o,y,o,s,1320.3129868854887
2365,t,r,i,e,s,1320.5010927017483
1327,e,d,g,e,r,1322.3985973854915
1924,p,a,i,n,t,1322.4515907505677
1421,e,y,r,i,e,1322.4751290507284
1541,f,i,s,t,s,1322.7007838956843
178,a,r,o,m,a,1322.846530224718
207,a,t,t,i,c,1323.1815367115696
3,a,b,a,y,a,1323.4487319909442
876,c,o,l,t,s,1323.5695622047992
204,a,t,o,m,s,1323.9467928115666
1577,f,l,o,o,r,1323.9723058321224
2149,s,h,o,o,k,1324.0340409218359
808,c,l,a,v,e,1324.1322315483173
1383,e,r,g,o,t,1324.975673027059
1471,f,e,a,r,s,1325.4976488413688
2206,s,p,e,c,s,1325.535440441223
79,a,l,b,u,m,1325.6123322153378
1376,e,p,i,c,s,1326.0460347923663
592,b,u,m,p,y,1326.4825784468972
1474,f,e,c,a,l,1326.6895344168988
2452,w,h,e,a,t,1326.998299278349
1936,p,a,t,h,s,1327.2910770467781
854,c,o,c,k,y,1327.3277252533153
2420,v,i,r,u,s,1328.0575459295103
1905,o,n,i,o,n,1328.4052617078394
610,b,u,r,s,a,1328.764039579433
603,b,u,r,l,y,1328.8717156277942
463,b,o,l,a,s,1328.9010676197743
2030,r,a,n,c,h,1329.3060697852607
2324,t,i,g,e,r,1329.4757800448667
266,b,a,l,l,s,1329.677558335281
2473,w,o,o,d,s,1329.9822880707186
102,a,l,o,n,e,1330.0903311067937
2177,s,l,e,p,t,1330.7610960938944
2485,w,r,i,s,t,1331.6463719731246
2180,s,l,o,p,e,1331.8026059589577
2284,t,a,k,e,n,1332.1381648987726
1409,e,x,i,l,e,1332.1869190367815
1473,f,e,a,t,s,1332.5017029414846
2451,w,h,a,l,e,1332.5495032445117
162,a,q,u,a,s,1332.5571255463797
175,a,r,i,s,e,1332.5740965540217
1044,d,a,l,e,s,1333.0087070763714
210,a,u,g,e,r,1333.270041747983
1692,h,o,m,e,s,1333.376885904315
953,c,r,a,w,s,1334.0107428900985
1520,f,i,l,e,t,1334.534523444068
2094,s,a,l,o,n,1336.666720222399
1137,d,i,n,g,s,1336.6747053629601
963,c,r,e,m,e,1337.723566026297
149,a,n,t,s,y,1337.8547589766954
1716,i,n,d,e,x,1338.0136626647488
2375,t,u,m,o,r,1338.0284963759161
1007,c,u,l,l,s,1338.0762594778794
229,a,w,a,s,h,1338.0843028574984
259,b,a,k,e,s,1338.1748371630404
608,b,u,r,r,o,1338.3523360104496
1558,f,l,a,n,s,1338.3997444687816
1648,g,r,i,l,l,1338.4207394216583
1952,p,h,o,t,o,1338.7887335951277
2367,t,r,o,u,t,1338.8575137096818
2139,s,h,e,e,t,1339.1179691783097
1642,g,r,a,v,e,1339.1335761644305
2458,w,h,o,l,e,1339.20248213891
2297,t,e,e,n,s,1339.3460651046958
2115,s,e,a,m,s,1339.4927063684088
871,c,o,l,e,s,1340.745257671967
2286,t,a,l,e,s,1341.0330005839128
2273,s,u,s,h,i,1341.222709274649
292,b,a,s,i,c,1341.6412297321287
1962,p,i,x,e,l,1341.6506727230994
465,b,o,l,l,s,1342.1505466327603
1155,d,i,t,z,y,1343.4250481229535
2479,w,o,r,s,e,1344.852758661072
1034,c,y,n,i,c,1345.279185819477
617,b,u,t,c,h,1345.3641703625324
2336,t,o,o,l,s,1345.6047592130956
2137,s,h,e,e,p,1345.648261565828
2141,s,h,e,l,l,1345.6759680975663
313,b,e,a,d,s,1345.81992826675
2064,r,i,s,k,s,1346.1801091666728
2184,s,m,e,l,l,1346.836433093537
215,a,u,r,a,l,1346.8902280807774
1707,h,u,r,t,s,1347.5458601616042
366,b,e,v,e,l,1347.7147219854046
2073,r,o,l,e,s,1349.2769896614243
322,b,e,a,t,s,1349.77827463687
309,b,a,w,l,s,1349.9704732403588
1029,c,u,t,i,s,1350.5648664787632
2216,s,p,i,t,e,1350.6036290339537
2356,t,r,a,p,s,1351.0045904996473
220,a,v,e,r,s,1351.4449157042304
510,b,o,u,t,s,1351.6325150995497
2391,u,n,i,t,e,1351.8496116426704
1914,o,t,h,e,r,1351.8621129507756
924,c,o,u,l,d,1351.947463917018
1382,e,r,e,c,t,1352.3781728809156
2279,s,w,i,n,g,1352.5217091960703
412,b,l,e,a,t,1352.6764734891824
253,b,a,i,l,s,1352.724185917513
2100,s,c,a,l,e,1353.2522264230577
1566,f,l,e,a,s,1353.2849639727658
1918,o,w,n,e,d,1353.8270086184016
1459,f,a,t,w,a,1353.9100472463954
2306,t,e,x,t,s,1353.9890782109053
1489,f,e,r,i,a,1355.8708722705423
365,b,e,t,t,a,1355.9059244943817
413,b,l,e,b,s,1355.9069415400538
239,a,x,o,n,s,1356.6451508431949
199,a,s,t,i,r,1356.7022761893957
208,a,u,d,i,o,1356.8744157194633
1093,d,e,l,a,y,1357.0303284970387
2315,t,h,i,g,h,1358.380055318461
1755,l,a,t,e,r,1359.1572137991384
1053,d,a,r,n,s,1359.972964807814
931,c,o,v,e,s,1360.6980254051218
219,a,v,a,i,l,1360.996297089014
1883,n,i,n,j,a,1361.0179357568952
1535,f,i,o,r,d,1361.5543831705575
382,b,i,l,g,e,1362.2441777974946
1572,f,l,i,e,r,1362.5630148668654
103,a,l,o,n,g,1362.7843798712652
1840,m,i,c,r,o,1363.3143289438476
860,c,o,d,e,s,1363.3154680064085
526,b,r,a,i,n,1364.1231215450607
2182,s,m,a,l,l,1364.7910683719927
385,b,i,m,b,o,1365.12814902729
2174,s,l,a,v,e,1365.4581057302307
1508,f,i,e,f,s,1366.4765815810547
1684,h,i,g,h,s,1366.7137969514426
2197,s,o,r,r,y,1366.7816025153702
2488,w,r,o,t,e,1366.9588502018803
351,b,e,n,d,s,1367.069245326676
2020,q,u,i,t,e,1367.3012927315028
42,a,d,o,p,t,1367.4132654099576
516,b,o,x,e,r,1367.6208886482025
1272,d,u,d,e,s,1368.5983789801521
2475,w,o,r,k,s,1368.9062700002098
1826,m,e,a,t,s,1369.2184739234651
1359,e,m,i,t,s,1369.4239027925375
1704,h,o,v,e,r,1369.6830953880105
1191,d,o,p,e,d,1369.7189219722286
1485,f,e,m,u,r,1369.7268453144345
795,c,i,v,v,y,1369.829378224728
985,c,r,o,o,n,1369.9866330218697
1298,d,w,a,r,f,1370.3135576064926
1108,d,e,s,k,s,1370.584927059257
1723,j,e,a,n,s,1371.179081064377
704,c,e,a,s,e,1372.352893509621
190,a,s,k,e,d,1372.5919384820877
999,c,r,y,p,t,1373.2302556136785
843,c,l,u,n,g,1374.3580487740137
2049,r,e,n,e,w,1374.9069317120432
1388,e,s,s,a,y,1375.7882199003081
209,a,u,d,i,t,1376.1714286654355
1076,d,e,c,a,l,1376.9331543885771
496,b,o,r,e,d,1376.9562045094358
1559,f,l,a,p,s,1377.006325138401
1911,o,r,b,i,t,1377.896686755816
1470,f,a,z,e,s,1378.2849871555586
1418,e,x,u,l,t,1378.7281327924231
1270,d,u,c,k,y,1379.1414666140322
108,a,l,t,e,r,1380.3589221423535
1271,d,u,c,t,s,1380.3920223915372
2098,s,a,v,e,d,1380.8798539079748
733,c,h,a,t,s,1381.6083472615694
1468,f,a,x,e,s,1381.6302094902774
652,c,a,l,y,x,1381.838467690834
2013,q,u,e,e,n,1381.8825506345102
90,a,l,i,v,e,1382.0929935847448
118,a,m,i,d,e,1382.1974884616484
1803,l,u,n,c,h,1382.5059368677382
905,c,o,p,r,a,1382.8871924670457
470,b,o,n,d,s,1383.5676035601705
964,c,r,e,p,e,1383.6954600797121
640,c,a,g,e,s,1383.8426718395547
434,b,l,o,o,m,1384.83465935396
835,c,l,o,u,t,1384.970996915874
420,b,l,i,n,g,1385.2477440279738
2198,s,o,r,t,s,1385.726607839168
297,b,a,s,s,o,1385.9212068318006
539,b,r,e,a,d,1386.8531311013182
2128,s,h,a,d,e,1388.1914336760938
1621,g,l,a,n,d,1388.5095741937487
1644,g,r,e,e,k,1389.4016615749993
2042,r,e,a,l,m,1389.4388830413554
1682,h,e,n,c,e,1389.6649525783723
249,b,a,d,g,e,1389.7163549569773
2425,v,o,c,a,l,1390.2457981423836
1203,d,o,u,b,t,1391.2051240945896
1040,d,a,f,f,y,1391.5230717534444
1417,e,x,u,d,e,1392.570119436537
1765,l,e,m,o,n,1393.2346330186854
1752,l,a,r,g,e,1394.0567667435214
1263,d,r,y,e,r,1394.1014207106684
1038,d,a,d,d,y,1394.208512420817
1303,d,y,e,r,s,1394.6768867140531
1313,e,a,s,e,d,1394.741792860672
2354,t,r,a,i,t,1395.6875696825166
1050,d,a,r,e,d,1395.8185042677273
1325,e,d,e,m,a,1395.9134488757536
1184,d,o,n,n,a,1396.231099395329
1039,d,a,d,o,s,1396.7507382974356
1864,m,o,v,i,e,1396.9990163048453
2068,r,o,a,d,s,1397.4322989225006
34,a,d,i,e,u,1397.4360139228315
1123,d,i,e,t,s,1397.7559498680616
623,b,y,l,a,w,1398.5046773903123
1239,d,r,i,e,d,1399.0034425586748
340,b,e,i,g,e,1399.0990393706222
882,c,o,m,e,t,1399.338281967181
1622,g,l,a,s,s,1399.5799645828963
2074,r,o,l,l,s,1399.6720014513226
1948,p,e,s,t,s,1400.4102105001548
2472,w,o,m,e,n,1400.6428350528638
417,b,l,e,s,s,1400.9032863133577
1822,m,a,y,o,r,1401.0914503697234
132,a,n,g,e,r,1401.1178973972287
2215,s,p,i,n,e,1401.8748305640788
442,b,l,u,f,f,1402.273699278426
1724,j,e,l,l,y,1402.7436016819631
1766,l,e,v,e,l,1403.3282091954802
280,b,a,r,e,r,1403.359841209296
764,c,h,i,r,p,1403.8680910481773
1946,p,e,n,n,y,1404.1831920120546
751,c,h,i,e,f,1404.2644175608125
176,a,r,m,e,d,1404.3991962361733
2477,w,o,r,m,s,1404.7335768079477
1578,f,l,o,u,r,1405.6022277542481
1451,f,a,r,m,s,1405.946731430733
1279,d,u,l,s,e,1406.1363545932224
1783,l,o,a,d,s,1406.3545451212253
1610,g,a,t,e,s,1407.1335240641404
1651,g,r,o,s,s,1407.5589447294801
1919,o,w,n,e,r,1407.5678531885953
2173,s,l,a,t,e,1407.868756800561
384,b,i,l,l,y,1408.0880281359694
2071,r,o,c,k,y,1408.9824421433207
1513,f,i,f,t,h,1409.0804456978603
1375,e,o,s,i,n,1409.6767862094753
2480,w,o,r,s,t,1409.742546898064
1764,l,e,g,a,l,1410.5209380840738
1014,c,u,r,d,s,1410.5401804447804
754,c,h,i,l,i,1410.8118222923104
1287,d,u,o,m,o,1410.8882858097818
2455,w,h,i,c,h,1411.4382510836838
1001,c,u,b,e,d,1411.6068183063585
974,c,r,i,m,e,1411.706031302293
992,c,r,u,d,e,1411.8488328680014
94,a,l,l,e,y,1412.2388857572457
2119,s,e,e,m,s,1412.5256718332544
1492,f,e,r,r,y,1412.6393074877733
1501,f,e,v,e,r,1414.2967869451406
1335,e,g,r,e,t,1414.33730287803
1876,n,e,v,e,r,1416.5291544403253
11,a,b,o,u,t,1416.5634924651629
453,b,o,c,c,e,1417.4275744805902
2337,t,o,o,t,h,1417.4512316249495
1557,f,l,a,n,k,1417.4685173705707
827,c,l,o,d,s,1417.7575567814667
1434,f,a,i,n,t,1417.883879914108
1367,e,n,j,o,y,1418.529226579744
2436,w,a,l,l,s,1418.56094847722
565,b,r,o,o,k,1418.655488710477
2228,s,t,a,i,n,1418.7474445269993
2318,t,h,i,r,d,1418.852522211839
1745,l,a,b,e,l,1419.8167924626475
1283,d,u,m,p,y,1420.0033074548367
1476,f,e,e,d,s,1420.0160251771658
416,b,l,e,n,d,1420.0193305033486
777,c,h,u,c,k,1420.2160187796635
2195,s,o,n,g,s,1420.83363549972
1722,i,t,e,m,s,1421.64083794543
1081,d,e,c,r,y,1422.0114643073089
1799,l,o,w,e,r,1422.1377125970846
1878,n,e,w,l,y,1422.6291577353068
2162,s,i,l,l,y,1422.665044902204
2396,u,p,s,e,t,1423.1840182656542
325,b,e,a,u,x,1423.2996220172254
306,b,a,t,t,s,1423.8461483171704
534,b,r,a,v,o,1423.983880480082
1831,m,e,n,u,s,1424.000250855675
790,c,i,t,e,d,1424.0184372587444
732,c,h,a,s,m,1424.1535266189828
1141,d,i,n,o,s,1424.435058742128
188,a,s,h,e,s,1424.712062466471
1290,d,u,r,a,l,1424.8490530878116
824,c,l,i,p,s,1426.3379807516044
43,a,d,o,r,e,1426.5312728239585
1537,f,i,r,e,s,1427.0302047623488
1819,m,a,t,h,s,1428.2927800259183
482,b,o,o,e,d,1428.3528422880909
47,a,e,g,i,s,1429.749193642496
545,b,r,i,b,e,1430.1691618043162
1439,f,a,k,e,r,1430.352855063683
251,b,a,g,e,l,1430.598567985352
1024,c,u,r,v,y,1430.720717875317
2434,w,a,i,s,t,1431.0071431310425
1859,m,o,u,n,t,1431.1673574195593
1632,g,r,a,c,e,1431.2531327695763
475,b,o,n,g,o,1431.5848235381875
773,c,h,o,r,e,1432.7710380295482
298,b,a,s,s,y,1433.2701235626123
1026,c,u,s,p,s,1433.4357798510277
2418,v,i,n,y,l,1433.4372264872454
823,c,l,i,n,k,1433.5667470984004
1626,g,l,o,v,e,1434.7522250703323
1100,d,e,m,o,s,1435.2705134965108
290,b,a,s,e,r,1435.280077917071
1782,l,i,v,e,s,1435.6965200809448
269,b,a,l,s,a,1435.9989051579278
1861,m,o,u,t,h,1436.1048584163034
1615,g,h,o,s,t,1436.3254602950626
1787,l,o,c,k,s,1436.8532131975921
144,a,n,n,u,l,1437.7369875018965
2496,y,o,u,t,h,1437.9350252773484
1526,f,i,n,a,l,1439.323422014019
67,a,h,e,a,d,1439.467398382021
785,c,i,d,e,r,1439.5462754831196
2491,y,e,a,r,s,1440.0695812237577
581,b,u,g,l,e,1440.1424589430817
648,c,a,l,l,a,1440.1707652132839
1568,f,l,e,e,s,1440.8651408685664
2269,s,u,i,t,s,1441.2202262350906
957,c,r,e,a,m,1441.2384502623543
1748,l,a,k,e,s,1442.3177033902107
1867,n,a,i,l,s,1443.4844809310764
779,c,h,u,g,s,1443.5142191048626
1385,e,r,r,e,d,1443.8298295375328
2292,t,a,s,t,y,1444.1157074941143
2069,r,o,b,o,t,1444.2629734770744
703,c,a,v,i,l,1444.6560614325447
796,c,l,a,c,k,1445.6807864917753
903,c,o,p,e,d,1445.8706830170936
530,b,r,a,s,h,1446.0663030152764
2102,s,c,a,n,s,1446.3495481733964
1404,e,x,a,l,t,1446.6752422232782
1225,d,r,a,m,a,1447.8496140250586
314,b,e,a,d,y,1448.1670083885426
986,c,r,o,p,s,1448.4657865940062
2395,u,p,p,e,r,1448.483171004199
41,a,d,o,b,o,1449.3024591695112
2427,v,o,i,c,e,1449.4619013270046
123,a,m,n,i,o,1449.661754966043
2492,y,e,a,s,t,1450.6528786855959
321,b,e,a,s,t,1450.7360692646885
729,c,h,a,r,s,1451.0805437711522
2063,r,i,s,e,s,1451.1867712286244
1860,m,o,u,s,e,1451.963981262092
1106,d,e,p,t,h,1452.2614350687306
1101,d,e,m,u,r,1452.53071274768
1068,d,e,a,r,s,1453.3773278448382
1276,d,u,k,e,s,1454.879885541434
2002,p,r,o,u,d,1455.2272217989428
2218,s,p,o,k,e,1455.3848083014404
226,a,w,a,k,e,1455.5386875726742
2019,q,u,i,l,t,1456.2400354262081
240,a,z,i,d,e,1456.5115100414775
1633,g,r,a,d,e,1456.865424948497
1413,e,x,p,e,l,1457.126224360997
536,b,r,a,w,n,1457.555716290358
1319,e,a,v,e,s,1458.5588309799973
248,b,a,d,d,y,1458.6024008735615
867,c,o,i,n,s,1458.6272693362264
302,b,a,t,h,e,1459.108697708886
1725,j,e,w,e,l,1459.1937156431795
1185,d,o,n,o,r,1459.1998319141123
342,b,e,l,a,y,1460.0855293205238
1969,p,l,a,t,e,1460.2099352861358
1438,f,a,k,e,d,1460.3201059493806
250,b,a,d,l,y,1460.6313702465882
2219,s,p,o,o,n,1460.6958105714843
811,c,l,e,a,n,1461.9258977062302
1915,o,u,g,h,t,1461.933771432888
236,a,x,i,o,m,1462.0802521346343
2220,s,p,o,r,t,1462.2910902408548
2390,u,n,i,o,n,1462.8184441096475
1179,d,o,l,t,s,1462.8655367250224
2260,s,t,r,a,w,1463.4927035823225
969,c,r,i,b,s,1464.3649335001546
1654,g,r,o,w,n,1464.5741163982989
2316,t,h,i,n,g,1465.3566807219424
1553,f,l,a,i,r,1465.6090352823558
1638,g,r,a,p,e,1466.1347503870327
2167,s,i,z,e,s,1466.2770750559116
575,b,u,b,b,a,1466.7710031586034
1719,i,n,p,u,t,1466.8663554635195
419,b,l,i,n,d,1467.1173308245923
172,a,r,g,u,s,1467.6005621220297
152,a,p,a,c,e,1467.6967323573324
2349,t,r,a,c,k,1467.766743491063
1452,f,a,r,t,s,1468.1694189317307
2278,s,w,i,f,t,1468.489101834333
2109,s,c,o,p,e,1468.8577942356424
784,c,h,u,t,e,1468.921823781497
1416,e,x,t,r,a,1469.9825665634314
1698,h,o,r,n,s,1470.0292801241947
495,b,o,r,a,x,1470.3927886090128
1938,p,a,u,s,e,1471.1060456748373
400,b,i,t,s,y,1471.574077074337
1853,m,o,d,e,s,1472.1697896556502
1874,n,e,e,d,s,1473.3115488195551
971,c,r,i,e,d,1474.0063377504855
2121,s,e,n,d,s,1474.199169952067
552,b,r,i,n,e,1474.973801701398
62,a,g,i,n,g,1474.9788182565167
2417,v,i,l,l,a,1475.9083065464445
193,a,s,p,e,n,1475.9986230162299
1964,p,l,a,c,e,1476.230746024506
1297,d,u,v,e,t,1476.2759583915665
409,b,l,a,s,t,1476.3189401347006
2270,s,u,n,n,y,1476.3697658007557
1551,f,l,a,g,s,1476.8045052514592
361,b,e,s,e,t,1476.982764726858
1693,h,o,n,e,y,1477.4039041535332
1709,i,d,e,a,l,1477.4507936011755
2067,r,i,v,e,r,1477.8974367212681
756,c,h,i,m,e,1477.957649369565
2422,v,i,s,i,t,1478.358115980779
1503,f,i,a,t,s,1478.5228497370715
1432,f,a,e,r,y,1478.7500494440596
658,c,a,n,a,l,1478.9191371589877
155,a,p,n,e,a,1479.1961726854283
1117,d,i,a,r,y,1479.5692965055036
2347,t,o,x,i,c,1479.5902962674807
1126,d,i,k,e,s,1479.621584882942
1169,d,o,f,f,s,1479.771718588803
57,a,g,a,t,e,1479.82181660398
1643,g,r,e,a,t,1479.840570438282
2110,s,c,o,r,e,1480.9977976639962
2204,s,p,a,r,k,1481.0313082301707
454,b,o,c,h,e,1481.618492563197
390,b,i,o,m,e,1482.5911325115133
2357,t,r,a,s,h,1483.0661247576413
2066,r,i,v,a,l,1483.09220276219
1637,g,r,a,n,t,1483.8190209930017
63,a,g,l,o,w,1484.0440120245291
1020,c,u,r,l,y,1484.1385983771518
889,c,o,m,t,e,1485.2139271630201
1278,d,u,l,l,y,1485.7851813712375
1666,h,a,n,d,y,1486.002447915146
26,a,c,t,o,r,1486.1504158408707
2323,t,h,u,m,b,1486.5959479695266
1655,g,r,o,w,s,1487.9215662071044
1135,d,i,n,e,s,1487.93165386429
2373,t,r,u,t,h,1488.262349101083
1484,f,e,m,m,e,1489.5663017151383
272,b,a,n,d,y,1489.7348658601736
559,b,r,o,c,h,1490.9336143581645
1939,p,e,a,c,e,1491.537152802556
838,c,l,u,b,s,1491.7163191326017
868,c,o,k,e,s,1492.319849810888
962,c,r,e,e,p,1492.6040365681024
2000,p,r,o,o,f,1492.8459025935592
1248,d,r,o,i,d,1492.9023331872659
2129,s,h,a,f,t,1493.3666771259986
517,b,o,x,e,s,1493.719238854796
511,b,o,w,e,d,1493.7566484320623
825,c,l,o,a,k,1493.9972032945127
1856,m,o,n,t,h,1494.7585957098747
1534,f,i,n,k,s,1495.1619839662703
2117,s,e,e,d,s,1495.4149000323882
2097,s,a,u,c,e,1495.9948562425648
1639,g,r,a,p,h,1496.6712868454895
1380,e,q,u,i,p,1496.9555206940788
799,c,l,a,m,p,1497.6884281101622
1217,d,o,z,e,n,1497.7796430700855
2183,s,m,a,r,t,1498.0997676765787
730,c,h,a,r,t,1498.3105103582284
127,a,m,p,l,e,1498.424654211059
2364,t,r,i,e,d,1498.762014943448
7,a,b,h,o,r,1499.6323168086208
1291,d,u,r,u,m,1499.992573491977
2462,w,i,d,t,h,1500.053100060667
1868,n,a,k,e,d,1500.1538043810567
1310,e,a,r,l,y,1500.5052626174838
1305,d,y,k,e,s,1500.6857784745837
20,a,c,k,e,e,1502.0916498765675
2226,s,t,a,f,f,1502.2851151281004
1463,f,a,v,a,s,1502.898701123836
1498,f,e,t,i,d,1502.9305384185116
1951,p,h,o,n,e,1503.4056335970322
471,b,o,n,e,d,1503.9173820618253
1772,l,i,m,i,t,1504.468296749097
1602,f,u,e,l,s,1504.617399419837
1809,m,a,k,e,r,1504.7355044549192
1072,d,e,b,t,s,1504.828403991816
1384,e,r,o,d,e,1505.1932962850317
2037,r,a,z,o,r,1506.077723115288
1198,d,o,s,e,d,1506.2642600518263
1959,p,i,n,c,h,1506.395785983544
18,a,c,i,d,s,1506.8909196513282
2166,s,i,z,e,d,1508.202986020484
786,c,i,g,a,r,1508.3471749966297
1090,d,e,i,s,t,1508.553679507485
1573,f,l,i,e,s,1508.7825678429151
769,c,h,o,k,e,1509.2680859411105
1579,f,l,o,w,n,1509.6879794516815
1599,f,r,o,n,t,1509.8639175417989
275,b,a,n,j,o,1510.0018385002093
305,b,a,t,o,n,1510.0653157899615
1875,n,e,r,v,e,1510.6573457969166
1802,l,u,n,a,r,1510.7472528938438
1161,d,i,v,o,t,1510.8431259677843
1928,p,a,n,t,s,1511.0253144729134
1817,m,a,t,c,h,1511.1411790972063
883,c,o,m,f,y,1511.5965064094162
1871,n,a,s,a,l,1511.8021835974512
724,c,h,a,n,t,1512.1277162348144
293,b,a,s,i,l,1512.5974388003158
837,c,l,o,w,n,1513.3656486252928
1415,e,x,t,o,l,1513.6762582597723
2299,t,e,l,l,s,1514.104507917172
911,c,o,r,e,s,1514.3041978233173
1743,k,n,o,w,n,1514.7786666512857
998,c,r,u,s,t,1514.7886825214398
1944,p,e,e,r,s,1514.8534139440471
334,b,e,e,t,s,1514.9537728000398
531,b,r,a,s,s,1515.7675327944644
1289,d,u,p,e,s,1515.893249178505
164,a,r,d,o,r,1516.091709368592
2203,s,p,a,r,e,1516.3166469273283
961,c,r,e,e,l,1516.4707077400653
260,b,a,l,d,y,1517.0842043415062
1273,d,u,e,l,s,1517.2321066084742
977,c,r,i,t,s,1517.3808755825899
2244,s,t,e,m,s,1517.6488484254708
857,c,o,d,e,c,1517.8971438872356
1030,c,u,t,u,p,1518.491138391988
364,b,e,t,e,l,1518.55620395161
1419,e,x,u,r,b,1518.9133044134785
1111,d,e,u,c,e,1519.1317940520428
2483,w,o,u,n,d,1519.29381903041
522,b,r,a,c,t,1520.5264564924676
1296,d,u,t,c,h,1520.6908215176531
93,a,l,l,a,y,1520.720328191175
1102,d,e,n,i,m,1521.0740127353815
1317,e,a,t,e,n,1521.5637411620278
430,b,l,o,g,s,1522.4837565286734
1712,i,m,a,g,e,1522.6850563543742
2372,t,r,u,s,t,1522.791319503357
387,b,i,n,d,s,1523.5377349174348
1989,p,o,w,e,r,1523.6980616677965
186,a,s,c,o,t,1524.1788433979286
1236,d,r,e,g,s,1524.32078814649
97,a,l,l,o,y,1524.5035299043423
74,a,i,m,e,r,1524.8049119828352
1336,e,i,d,e,r,1525.4832335696458
626,b,y,w,a,y,1525.8975321439434
1509,f,i,e,l,d,1525.9270494757614
289,b,a,s,e,d,1525.9800088240354
793,c,i,v,i,c,1526.190562307794
1330,e,d,i,f,y,1526.4218042626037
1220,d,r,a,b,s,1526.4781914117916
1059,d,a,t,u,m,1526.5394727387263
2191,s,o,i,l,s,1526.9536543012696
1623,g,l,o,b,e,1527.4616550526937
1790,l,o,g,o,s,1527.6409149049134
2430,v,o,t,e,r,1528.0589216994313
1234,d,r,e,a,m,1528.1206772038831
1195,d,o,r,k,y,1530.0432946870114
1785,l,o,b,b,y,1530.347111978816
307,b,a,t,t,y,1530.5120947260787
654,c,a,m,e,o,1531.1782404986068
890,c,o,n,c,h,1531.41298473791
174,a,r,i,l,s,1531.4165282672561
906,c,o,p,s,e,1531.6282630519263
1187,d,o,o,m,s,1531.9924654297579
1244,d,r,i,l,y,1532.2500186839827
1277,d,u,l,l,s,1532.5935293151415
1796,l,o,v,e,d,1532.6632153775504
2112,s,c,r,a,p,1532.898009857302
435,b,l,o,o,p,1533.169463343263
2490,y,a,r,d,s,1533.7035861869801
996,c,r,u,s,e,1533.7399972061169
2439,w,a,s,t,e,1533.8032131214197
2024,r,a,d,a,r,1534.2438238656403
362,b,e,s,t,s,1534.302768219561
2276,s,w,e,e,t,1534.5755847603118
674,c,a,r,a,t,1535.1574335227365
1483,f,e,l,t,s,1535.1983184953942
2,a,b,a,t,e,1535.2943641914121
664,c,a,n,n,y,1536.001704706929
1690,h,o,l,e,s,1536.0595760545773
711,c,e,l,e,b,1536.6892326651825
841,c,l,u,e,s,1537.223001764136
570,b,r,u,i,n,1537.6051261314606
618,b,u,t,t,e,1538.1214528555947
2146,s,h,i,r,t,1538.3050174466964
335,b,e,f,i,t,1538.3132818270624
1604,f,u,n,d,s,1538.4530459854482
2059,r,i,g,i,d,1541.0121953448734
125,a,m,o,u,r,1541.0670773749466
989,c,r,o,w,d,1541.1346624913365
499,b,o,r,i,c,1541.1628373111514
1288,d,u,p,e,d,1541.9484532417334
1148,d,i,s,c,s,1542.4160685252118
818,c,l,i,f,f,1542.4690206358034
1747,l,a,c,k,s,1542.583564953051
2421,v,i,s,a,s,1543.6220147262907
782,c,h,u,n,k,1544.4013065879074
1326,e,d,g,e,d,1545.4515811043034
2072,r,o,g,u,e,1545.4778666993964
1662,h,a,b,i,t,1545.6076045036066
2104,s,c,a,r,f,1545.9467578218876
1352,e,l,v,e,s,1545.9523691942031
205,a,t,o,n,e,1546.0292353356547
979,c,r,o,c,k,1546.429320997289
386,b,i,n,d,i,1546.5424562790918
514,b,o,w,l,s,1546.655688887122
1628,g,o,a,l,s,1546.9584277347233
25,a,c,t,i,n,1547.0984433053106
1116,d,i,a,l,s,1549.081929631784
1260,d,r,u,n,k,1549.2317031578511
1301,d,w,e,l,t,1549.3861609009712
1010,c,u,m,i,n,1550.7441303390274
339,b,e,g,u,n,1550.7981125674826
1011,c,u,p,i,d,1550.8731226765105
37,a,d,m,a,n,1550.9839808618676
138,a,n,i,o,n,1552.7338556636605
2445,w,e,e,d,s,1553.3942872327707
1214,d,o,w,s,e,1553.5048053444757
1486,f,e,n,c,e,1554.657273070272
2185,s,m,i,l,e,1554.8000811803824
1208,d,o,w,d,y,1554.8946899024634
2157,s,i,d,e,s,1554.9370061410373
300,b,a,t,c,h,1554.9484704814513
659,c,a,n,d,y,1554.959347126363
87,a,l,i,e,n,1555.6247744068626
665,c,a,n,o,e,1556.095747513285
645,c,a,k,e,y,1556.1472844130706
1345,e,l,e,g,y,1556.4507500449004
1356,e,m,c,e,e,1557.0326042481213
1060,d,a,u,b,s,1557.0347925931947
874,c,o,l,o,n,1557.154067982714
84,a,l,g,a,l,1557.2223244199338
750,c,h,i,d,e,1557.2252143264795
2257,s,t,o,r,y,1557.6214662920152
2405,v,a,l,i,d,1558.2151724203297
1009,c,u,l,t,s,1558.4978901926163
1280,d,u,m,b,o,1559.5430534290044
1673,h,a,w,k,s,1559.5988400702608
844,c,l,u,n,k,1559.7250064738753
61,a,g,i,l,e,1561.7295140902575
1872,n,a,s,t,y,1562.1994219507362
679,c,a,r,e,r,1562.2208811421153
921,c,o,t,t,a,1562.3070544330235
848,c,o,a,t,i,1562.9476533630361
1025,c,u,s,h,y,1563.0303803454817
1935,p,a,t,c,h,1563.4710664486993
2144,s,h,i,n,y,1563.7460410166414
2107,s,c,e,n,t,1563.9816047998138
1357,e,m,e,r,y,1564.0601676407477
2489,y,a,c,h,t,1564.195380094779
1358,e,m,i,r,s,1564.2624051903672
585,b,u,l,g,e,1564.5612641539317
2170,s,k,i,n,s,1565.0755980045599
746,c,h,e,w,y,1565.1114317314812
653,c,a,m,e,l,1565.2178565331556
1965,p,l,a,i,n,1565.4424752495408
1115,d,h,o,w,s,1565.7263012759922
1614,g,e,n,r,e,1565.9042459745392
1774,l,i,n,e,n,1566.032095564752
619,b,u,t,t,s,1566.098788227428
1763,l,e,a,v,e,1566.106740083311
915,c,o,r,m,s,1566.1459356109926
1652,g,r,o,u,p,1566.3994751018768
425,b,l,i,t,z,1566.9433481297524
304,b,a,t,i,k,1566.9473218634496
2175,s,l,e,e,k,1567.7156307540279
82,a,l,e,r,t,1567.8139243729418
1360,e,m,o,t,e,1568.1576201739872
2415,v,i,d,e,o,1568.2788701596075
798,c,l,a,i,m,1568.4903884046562
163,a,r,b,o,r,1568.514785972047
1085,d,e,e,r,s,1568.5785557739407
1960,p,i,p,e,s,1569.109056195289
2383,t,w,i,n,s,1569.1807540091272
1329,e,d,i,c,t,1569.6757373025282
529,b,r,a,n,s,1570.0454266682036
115,a,m,b,l,e,1570.3418788463562
2433,w,a,g,o,n,1570.5874670666803
128,a,m,p,l,y,1570.631435213435
2224,s,q,u,a,d,1570.811743982111
2192,s,o,l,a,r,1570.8727906925594
1838,m,e,t,e,r,1571.124034492955
1834,m,e,r,i,t,1572.0426681261474
2308,t,h,e,f,t,1572.1645158487513
396,b,i,s,o,n,1572.520280912341
2052,r,e,s,i,n,1572.630754307068
88,a,l,i,g,n,1573.5721119817715
231,a,w,o,k,e,1573.5787570586206
1089,d,e,i,s,m,1573.6643655732698
595,b,u,n,d,t,1573.7318206671912
832,c,l,o,t,h,1574.1052555745655
1258,d,r,u,i,d,1574.4237224155238
494,b,o,p,p,y,1575.4153504599385
2494,y,o,u,n,g,1575.5907857055265
2482,w,o,u,l,d,1576.5215624874452
914,c,o,r,k,y,1578.219902015641
1851,m,o,d,e,l,1578.343869589223
1679,h,e,e,l,s,1578.8268786139788
2312,t,h,e,s,e,1579.531267562228
1688,h,o,b,b,y,1579.632767943621
1555,f,l,a,k,y,1579.8619193162513
1094,d,e,l,f,t,1580.0240336011968
916,c,o,r,n,s,1580.0700062428984
895,c,o,n,g,o,1580.3194509511632
1798,l,o,v,e,s,1580.8699477748185
252,b,a,g,g,y,1581.5204098419222
2328,t,i,m,e,s,1581.8553002867247
2155,s,h,o,w,n,1582.1793758806648
487,b,o,o,r,s,1582.59203003175
225,a,w,a,i,t,1582.7241275215558
677,c,a,r,d,s,1583.1528356169906
2077,r,o,o,t,s,1583.3247847275586
1152,d,i,t,s,y,1583.4525695026707
1617,g,i,f,t,s,1584.361777687523
1366,e,n,e,m,y,1584.3825659939466
1121,d,i,c,k,y,1584.5184982595488
35,a,d,i,o,s,1584.915569317339
621,b,u,y,e,r,1585.0520098804575
666,c,a,n,o,n,1585.0526016373824
1808,m,a,j,o,r,1585.1857298919963
2208,s,p,e,l,l,1585.559520530138
282,b,a,r,g,e,1585.915449048218
1849,m,i,x,e,r,1586.3707695961182
863,c,o,e,d,s,1586.4474574982758
2450,w,e,l,s,h,1586.6854811026226
2035,r,a,t,e,s,1586.9611107787748
1397,e,v,e,n,t,1587.2066799908603
81,a,l,e,p,h,1587.4486016214505
2465,w,i,n,g,s,1587.4969339200884
1125,d,i,k,e,d,1588.1998625270312
942,c,r,a,m,p,1588.2588428469717
1481,f,e,l,l,s,1588.4702779380225
55,a,g,a,i,n,1588.8553685712268
2062,r,i,s,e,n,1589.1181061089578
203,a,t,o,l,l,1590.42959484047
1827,m,e,d,a,l,1590.7412050362313
2207,s,p,e,e,d,1591.5451019107106
699,c,a,u,s,e,1591.624990991315
1845,m,i,n,e,s,1591.6671982646217
1019,c,u,r,l,s,1592.5336756552135
873,c,o,l,i,n,1594.1689922344917
547,b,r,i,d,e,1595.4509066658463
1047,d,a,m,p,s,1595.6558736387062
488,b,o,o,s,t,1595.8201707885455
1431,f,a,d,e,s,1595.821838829741
735,c,h,e,a,t,1596.6122639086905
449,b,o,a,r,s,1596.738271409731
439,b,l,u,e,d,1596.8627199890407
2126,s,e,v,e,n,1597.201915126419
1574,f,l,i,n,g,1597.4879885209234
2007,p,u,l,s,e,1597.786751962914
667,c,a,n,t,o,1597.855551812498
268,b,a,l,m,y,1598.5171866324579
2263,s,t,u,d,y,1598.6051153546798
408,b,l,a,s,e,1598.9974933435965
1429,f,a,d,e,d,1599.1037883077763
2127,s,e,w,e,r,1599.3576331514546
851,c,o,b,r,a,1599.6788277451662
406,b,l,a,n,k,1600.28507224444
243,b,a,b,e,l,1600.5840888085618
636,c,a,d,e,t,1602.9903731441273
1892,n,o,t,e,d,1603.1191509569417
1077,d,e,c,a,y,1603.1931888909094
1842,m,i,g,h,t,1603.4058076868696
1993,p,r,i,m,e,1604.448719599319
137,a,n,i,m,e,1604.4624097525273
1411,e,x,i,t,s,1604.595191545727
606,b,u,r,p,s,1605.6127487731276
1676,h,e,a,r,t,1605.7614332946875
363,b,e,t,a,s,1606.3266522232877
512,b,o,w,e,l,1606.5447729508085
744,c,h,e,s,t,1606.6337275818726
246,b,a,c,k,s,1607.1314549965116
1738,k,i,n,g,s,1607.362533382982
1204,d,o,u,g,h,1607.4529777470182
1732,j,u,m,p,s,1607.6411946576666
393,b,i,r,c,h,1608.4117509607477
1941,p,e,a,k,s,1608.5777236495665
429,b,l,o,c,s,1608.926844590721
2307,t,h,a,n,k,1609.626949461684
533,b,r,a,v,e,1609.9289089264066
2154,s,h,o,t,s,1610.0231801733526
359,b,e,r,t,h,1610.149158682008
1505,f,i,b,r,e,1610.3307144226635
1689,h,o,l,d,s,1610.500220871286
1067,d,e,a,n,s,1611.0095549868176
1711,i,d,i,o,t,1611.0586904553775
573,b,r,u,s,h,1611.6979592926318
954,c,r,a,z,e,1612.0728379804877
492,b,o,o,z,e,1612.143594624911
1219,d,o,z,e,s,1612.1822679013903
1442,f,a,k,i,r,1612.6534847244347
2374,t,u,b,e,s,1613.9340484116797
1454,f,a,t,a,l,1615.659771493764
1293,d,u,s,k,y,1616.1170808852403
661,c,a,n,e,s,1617.3443835356447
2229,s,t,a,k,e,1617.4766097287034
2188,s,n,a,k,e,1617.6637046427484
1585,f,o,l,k,s,1618.024144562913
2145,s,h,i,p,s,1618.098921388711
2371,t,r,u,n,k,1618.1189945060855
1128,d,i,l,l,y,1618.5137220640918
846,c,o,a,l,s,1619.046694590706
2305,t,e,s,t,s,1619.1571497238579
347,b,e,l,l,y,1619.9964400335086
1760,l,e,a,r,n,1620.9954758617473
32,a,d,d,l,e,1621.6476632851743
1506,f,i,c,h,e,1621.7385929174743
1132,d,i,n,a,r,1622.0894946044004
353,b,e,n,t,o,1622.1715454259765
1386,e,r,r,o,r,1622.2132520395905
2231,s,t,a,n,d,1622.608979971547
1792,l,o,o,p,s,1622.7674557760358
1515,f,i,g,h,t,1624.0090373037538
38,a,d,m,i,n,1624.066284753965
1249,d,r,o,l,l,1624.7265208415613
600,b,u,r,b,s,1625.3798684407313
1477,f,e,e,l,s,1625.46575417209
1733,k,e,e,p,s,1625.578315618366
1497,f,e,t,e,s,1625.8968466863646
1023,c,u,r,v,e,1625.912006242423
788,c,i,r,c,a,1625.941220595304
2113,s,c,r,e,w,1626.069446574004
1154,d,i,t,t,y,1626.877673824996
1669,h,a,r,s,h,1626.9117733437092
1300,d,w,e,l,l,1626.9737262544522
1427,f,a,c,i,a,1627.015781061653
806,c,l,a,s,p,1627.3392089521087
2379,t,u,r,n,s,1627.6603841991414
1062,d,a,v,i,t,1627.6648713593338
1618,g,i,r,l,s,1627.7402385586263
1332,e,e,j,i,t,1628.216859453681
1222,d,r,a,g,s,1628.4378539534443
1569,f,l,e,e,t,1629.1286054824523
1773,l,i,n,e,d,1629.8390139483392
2090,s,a,d,l,y,1629.8529393632684
663,c,a,n,n,a,1629.889290174806
1144,d,i,r,e,r,1629.971457330596
938,c,r,a,b,s,1630.6084226484759
99,a,l,o,e,s,1630.7869432366801
500,b,o,r,n,e,1630.9049614426826
1980,p,o,o,l,s,1631.5072697918026
632,c,a,c,a,o,1631.8954781902255
892,c,o,n,e,d,1632.853570072217
498,b,o,r,e,s,1633.3594717155695
886,c,o,m,m,o,1634.227693229854
2389,u,n,d,e,r,1635.0270006438993
2240,s,t,e,a,m,1635.2982732041833
757,c,h,i,m,p,1635.755845867668
381,b,i,l,e,s,1636.280125570177
820,c,l,i,m,e,1636.5872568726177
22,a,c,r,e,s,1636.672469660105
1807,m,a,g,i,c,1636.758328044367
955,c,r,a,z,y,1637.5350098163285
548,b,r,i,e,f,1637.8376956618017
538,b,r,a,z,e,1638.813648544215
1713,i,m,p,l,y,1639.0660048260156
2172,s,k,u,l,l,1639.6356739029916
845,c,o,a,c,h,1640.0512413761005
336,b,e,g,a,n,1640.3783549971124
934,c,o,w,e,d,1640.46539225155
2057,r,i,f,l,e,1641.6672825049056
1238,d,r,i,b,s,1641.7891957463926
1423,f,a,c,e,d,1642.566907080232
1140,d,i,n,k,y,1643.2434843937679
1726,j,o,i,n,s,1643.5601716830763
1781,l,i,v,e,r,1644.034020516712
2199,s,o,u,l,s,1644.4549318237753
2382,t,w,i,c,e,1644.777795490004
2329,t,i,r,e,d,1645.041226775303
345,b,e,l,l,e,1645.7411724607798
2342,t,o,u,g,h,1646.2571772793049
159,a,p,s,e,s,1646.8297920922794
1265,d,u,a,l,s,1647.6931332981203
233,a,x,i,a,l,1648.9654639083508
557,b,r,i,t,s,1649.5723395467808
464,b,o,l,e,s,1649.6341931301351
1269,d,u,c,k,s,1651.1701245074537
230,a,w,f,u,l,1651.5543421346836
126,a,m,p,e,d,1652.4917668434618
421,b,l,i,n,i,1654.4174583129384
2159,s,i,g,h,t,1655.5511797081845
2338,t,o,p,i,c,1656.1055931539088
1104,d,e,n,t,s,1656.3184011875353
2103,s,c,a,r,e,1656.8812870045465
1209,d,o,w,e,l,1657.1899238486524
2168,s,k,i,e,s,1657.7866692810985
1852,m,o,d,e,m,1657.9108709269756
740,c,h,e,f,s,1658.7775952834777
1130,d,i,m,e,s,1658.7894238188564
919,c,o,r,p,s,1659.657787428995
1229,d,r,a,w,l,1660.8790891764713
635,c,a,d,d,y,1661.0163309268155
713,c,e,l,l,s,1661.0785972495885
2320,t,h,r,e,e,1661.508995006676
2023,r,a,c,k,s,1661.5838887240043
1888,n,o,i,s,y,1661.9781140074995
2156,s,h,o,w,s,1662.9751047426107
1567,f,l,e,c,k,1663.9444490050257
1455,f,a,t,e,d,1663.9564697943806
120,a,m,i,n,o,1664.0031729271204
2093,s,a,l,e,s,1664.2682359170856
716,c,h,a,d,s,1665.5907097973477
1636,g,r,a,n,d,1665.8261012663447
1668,h,a,p,p,y,1667.6773331988243
814,c,l,e,f,s,1667.7017280065695
550,b,r,i,g,s,1667.9404433115678
527,b,r,a,k,e,1669.0197516483074
440,b,l,u,e,s,1670.0799478614929
8,a,b,i,d,e,1670.1512229416153
256,b,a,i,z,e,1670.7202545816806
1046,d,a,m,n,s,1672.2243364156427
221,a,v,e,r,t,1673.303178402242
1729,j,u,d,g,e,1674.623867058027
2079,r,o,s,e,s,1675.298891914152
1581,f,l,u,i,d,1676.1283067725892
1857,m,o,r,a,l,1676.1819143815385
122,a,m,i,t,y,1676.265546389399
368,b,h,a,j,i,1677.4561299756365
1514,f,i,f,t,y,1677.529110070309
1881,n,i,c,h,e,1679.2128809917695
1593,f,o,u,n,d,1679.3884907492609
1449,f,a,r,e,d,1679.5572080880524
1542,f,i,t,l,y,1680.0672959050632
2345,t,o,w,e,r,1680.5388807926718
1767,l,e,v,e,r,1680.6751453751576
1629,g,o,a,t,s,1681.1723979945496
742,c,h,e,r,t,1681.2271489626162
1165,d,o,d,g,e,1681.2830466299852
1066,d,e,a,l,t,1682.5631433234485
1389,e,t,h,e,r,1683.8783413341798
590,b,u,l,l,y,1684.2665553371935
2311,t,h,e,r,e,1684.398487462867
758,c,h,i,n,a,1684.5310646839614
1995,p,r,i,o,r,1685.461400689288
1368,e,n,n,u,i,1687.134164900184
224,a,v,o,w,s,1687.5493534697034
319,b,e,a,r,d,1687.5631102534317
2015,q,u,e,s,t,1688.0558508728482
200,a,s,u,r,a,1688.43565789899
1582,f,l,y,e,r,1688.504260649142
1465,f,a,v,o,r,1688.8315838172464
1710,i,d,e,a,s,1690.0290572148244
245,b,a,b,k,a,1690.5493817445972
927,c,o,u,p,s,1690.7178669727348
822,c,l,i,n,g,1690.7928257986673
460,b,o,g,i,e,1692.1565184746303
29,a,d,a,p,t,1692.2436416575579
899,c,o,o,k,s,1692.2983508693808
2446,w,e,e,k,s,1692.6087122490412
151,a,o,r,t,a,1692.8999871182043
1645,g,r,e,e,n,1692.936855828296
1472,f,e,a,s,t,1693.1846736314546
235,a,x,i,n,g,1693.4404740838806
1387,e,r,u,p,t,1693.573939016262
369,b,i,b,l,e,1695.0912778972838
532,b,r,a,t,s,1695.271544641853
1178,d,o,l,o,r,1695.3381427034503
1337,e,i,d,o,s,1695.577413773424
410,b,l,a,z,e,1695.694166637413
1311,e,a,r,n,s,1696.1396412611832
670,c,a,p,e,s,1697.009090105144
1252,d,r,o,o,p,1697.8387005253549
2293,t,a,x,e,s,1697.9326316457455
1548,f,i,z,z,y,1698.2017927992044
2026,r,a,i,l,s,1698.2097696679716
111,a,m,a,s,s,1698.3987947266849
1015,c,u,r,e,d,1699.7656577640307
1975,p,o,i,n,t,1699.8610304229749
1877,n,e,w,e,r,1699.9557999068268
1469,f,a,z,e,d,1700.2153031916287
1653,g,r,o,v,e,1700.2699166539148
812,c,l,e,a,r,1700.8358001415902
1718,i,n,n,e,r,1700.958778246426
443,b,l,u,n,t,1701.2862966489308
2339,t,o,r,c,h,1701.3211844861528
478,b,o,n,n,y,1701.4180035605177
1768,l,i,g,h,t,1701.4321732909655
965,c,r,e,p,t,1701.5188247191713
1611,g,a,u,g,e,1702.6394887461033
1640,g,r,a,s,p,1703.7824339434453
605,b,u,r,n,t,1705.343453959183
2163,s,i,n,c,e,1705.400757339908
1625,g,l,o,s,s,1706.0628932524435
1592,f,o,r,u,m,1706.5144991045402
1245,d,r,i,n,k,1706.531417453226
2264,s,t,u,f,f,1708.0263930671697
627,c,a,b,a,l,1709.8502384513636
2238,s,t,e,a,k,1710.8059579635924
562,b,r,o,m,e,1711.1465268021518
1420,e,y,i,n,g,1711.5324552872441
1002,c,u,b,e,s,1711.719388016219
2050,r,e,p,l,y,1711.9893499925909
1933,p,a,s,t,a,1712.5133629106767
2211,s,p,e,r,m,1712.8856262784125
303,b,a,t,h,s,1714.394813428463
1275,d,u,f,f,s,1714.4918965720124
982,c,r,o,n,e,1714.5488561051707
2277,s,w,e,p,t,1714.6051958334835
567,b,r,o,t,h,1714.8040989304675
427,b,l,o,b,s,1715.2988924753079
2040,r,e,a,d,s,1716.789387239375
2413,v,e,n,u,e,1717.280958784206
2246,s,t,i,c,k,1717.2970104448125
2131,s,h,a,l,l,1717.3563042539176
168,a,r,e,n,a,1717.6081565936981
1811,m,a,l,e,s,1717.88471620788
1757,l,a,y,e,r,1718.245646185047
755,c,h,i,l,l,1718.3351878539668
789,c,i,s,c,o,1718.3492357319542
830,c,l,o,n,e,1719.0165696400759
1694,h,o,n,o,r,1719.3349690631596
687,c,a,r,t,e,1720.8376369444045
761,c,h,i,n,o,1721.4742886941374
507,b,o,u,g,h,1721.7746640849625
2387,u,l,t,r,a,1722.3828379217373
615,b,u,s,t,s,1722.4682928924906
2360,t,r,e,n,d,1722.519143498888
642,c,a,i,r,n,1723.4160816484182
485,b,o,o,m,y,1723.4634185016384
1212,d,o,w,n,y,1724.4123657371308
561,b,r,o,k,e,1724.9476510185202
1446,f,a,n,g,s,1724.957607095295
1063,d,a,w,n,s,1725.0376516532012
1458,f,a,t,t,y,1725.1583615924
879,c,o,m,b,s,1725.4307655056393
114,a,m,b,i,t,1726.0005162572913
2274,s,w,e,a,r,1726.4287461481563
894,c,o,n,g,a,1727.1476504143604
1211,d,o,w,n,s,1728.2151045825472
2385,t,y,p,e,s,1728.9465437631557
2275,s,w,e,a,t,1729.0357702925264
355,b,e,r,e,t,1729.136981614501
1403,e,x,a,c,t,1729.6508250497122
1776,l,i,n,e,s,1729.7973296393336
1954,p,i,c,k,s,1730.4781808695461
1576,f,l,o,o,d,1730.794875581366
1556,f,l,a,m,e,1730.9513902561016
350,b,e,n,c,h,1731.249993832835
564,b,r,o,o,d,1731.6768199362675
1818,m,a,t,e,s,1731.8560785353782
1006,c,u,f,f,s,1733.7884658447927
459,b,o,g,g,y,1734.4718372390073
2474,w,o,r,d,s,1735.4905266854155
1205,d,o,u,l,a,1735.5536443774006
14,a,b,u,t,s,1735.8920067084266
1207,d,o,v,e,s,1736.9621508027024
40,a,d,o,b,e,1737.2774321814406
1913,o,r,g,a,n,1737.3907791156832
2467,w,i,r,e,d,1737.544825724599
2010,p,u,p,i,l,1737.6252765508357
21,a,c,o,r,n,1739.2070617255445
833,c,l,o,t,s,1739.4163842553933
1243,d,r,i,l,l,1739.5117656169516
1949,p,e,t,t,y,1740.2280632613156
2054,r,i,d,e,r,1740.6163389442177
655,c,a,m,p,o,1742.1940068454433
1145,d,i,r,g,e,1742.2062849582164
1758,l,e,a,d,s,1742.7762102198012
1588,f,o,r,c,e,1742.9226642859712
2400,u,s,a,g,e,1743.3591497460081
1671,h,a,t,e,s,1743.397429834146
993,c,r,u,e,l,1744.0820748678702
2038,r,e,a,c,h,1744.2620466244662
2361,t,r,i,a,l,1744.704413901348
45,a,d,u,l,t,1745.0634425481808
801,c,l,a,n,g,1745.3334292111203
1879,n,e,x,u,s,1745.9097886071906
753,c,h,i,l,e,1746.0344247397688
352,b,e,n,d,y,1746.0773013632158
2046,r,e,l,a,x,1747.2963394150543
1253,d,r,o,p,s,1747.5203469677726
1656,g,u,a,r,d,1747.6406018208459
1226,d,r,a,m,s,1747.6766737856647
1143,d,i,p,p,y,1747.995447142843
1097,d,e,l,t,a,1748.307503510076
140,a,n,k,l,e,1748.6866598927888
2235,s,t,a,t,e,1749.5358855340305
1920,o,x,i,d,e,1749.614809206427
1200,d,o,t,e,d,1750.303771962503
1974,p,o,e,m,s,1750.4140694665502
1741,k,n,o,c,k,1750.6718769954252
169,a,r,g,o,n,1751.3308025813978
987,c,r,o,s,s,1753.4184140608982
1525,f,i,l,t,h,1753.9081044634452
1705,h,u,m,a,n,1754.498122469459
237,a,x,i,o,n,1754.8524000002917
399,b,i,t,e,s,1754.9141755181533
612,b,u,s,e,d,1755.730517537881
1554,f,l,a,k,e,1755.9561160738526
1086,d,e,f,e,r,1756.4968771095328
861,c,o,d,e,x,1757.3776117584212
902,c,o,o,p,t,1758.8502450946482
1153,d,i,t,t,o,1759.0140495541596
2247,s,t,i,f,f,1759.6568884736487
183,a,r,s,o,n,1760.1819533784649
407,b,l,a,r,e,1760.5495210399577
1202,d,o,t,t,y,1760.5687074247583
2055,r,i,d,e,s,1760.6883950927927
1744,k,n,o,w,s,1761.861208074631
1032,c,y,c,l,e,1762.1200057111441
312,b,e,a,c,h,1762.2117544790694
2213,s,p,i,c,y,1762.9410569156767
994,c,r,u,e,t,1763.0881399195328
1916,o,u,n,c,e,1764.4309291224292
2272,s,u,r,g,e,1764.6453353125405
775,c,h,o,w,s,1765.3618252225763
2092,s,a,l,a,d,1765.78387067516
504,b,o,s,s,y,1765.7981784856318
766,c,h,i,v,e,1765.9553233492709
2437,w,a,n,t,s,1766.2207016853151
920,c,o,s,t,s,1766.3015034083412
983,c,r,o,n,y,1770.0413197915973
1036,c,z,a,r,s,1770.047534033503
257,b,a,k,e,d,1771.8412486197835
887,c,o,m,p,o,1772.1447307282142
1410,e,x,i,s,t,1772.76473931855
582,b,u,i,l,d,1773.2591720855485
2301,t,e,n,d,s,1775.1931144954785
1182,d,o,n,e,e,1776.1424339978619
2348,t,r,a,c,e,1777.2038978029557
598,b,u,n,t,s,1777.8633417049443
143,a,n,n,o,y,1777.9913093008438
468,b,o,m,b,e,1778.258430250693
320,b,e,a,r,s,1778.4102442435028
2099,s,a,v,e,s,1779.7648689530874
657,c,a,m,p,y,1780.0857599961284
1570,f,l,e,s,h,1780.216021219315
1407,e,x,e,c,s,1780.3375346443408
930,c,o,v,e,r,1781.171580270222
2058,r,i,g,h,t,1781.856745986775
469,b,o,m,b,s,1782.1315327201532
1173,d,o,i,n,g,1782.2197661835712
1396,e,v,e,n,s,1782.9448724705446
2441,w,a,t,e,r,1783.3799905459389
2011,p,u,p,p,y,1783.441333291213
1929,p,a,p,e,r,1785.8983957520932
2466,w,i,p,e,d,1786.3817861081584
1091,d,e,i,t,y,1786.64640626325
1600,f,r,o,s,t,1786.8543161443965
2359,t,r,e,e,s,1788.4574455881777
5,a,b,b,o,t,1789.1332696040577
613,b,u,s,e,s,1789.4692706374021
1661,g,u,i,l,t,1790.8059560450083
377,b,i,j,o,u,1790.8266646977588
2428,v,o,l,t,s,1790.978217665522
1601,f,r,u,i,t,1793.7568661845755
762,c,h,i,n,s,1794.0902869180193
1122,d,i,c,t,a,1794.3168354301963
834,c,l,o,u,d,1794.3939761055185
535,b,r,a,w,l,1794.4460414192608
349,b,e,l,t,s,1794.6387417818635
2111,s,c,o,u,t,1794.8505824403248
130,a,n,c,h,o,1794.9029852713788
1972,p,l,o,t,s,1795.0502747394855
1984,p,o,s,e,d,1795.1688647208248
1346,e,l,i,d,e,1795.195313694304
1686,h,i,n,t,s,1795.4248798451088
2406,v,a,l,u,e,1795.4563004199201
2310,t,h,e,m,e,1796.3533861902483
1194,d,o,r,k,s,1797.0388603909043
1721,i,s,s,u,e,1799.5931744619427
1961,p,i,t,c,h,1800.8991045083728
265,b,a,l,k,y,1802.6398033661426
354,b,e,n,t,s,1802.65822887727
1247,d,r,i,v,e,1802.7575312775448
2022,r,a,c,e,s,1803.6261596806555
1947,p,e,r,k,s,1803.7452845598436
244,b,a,b,e,s,1804.8678668442615
10,a,b,o,r,t,1807.1878420183048
1540,f,i,s,h,y,1807.803797731895
1786,l,o,c,a,l,1808.4262584430337
577,b,u,d,d,y,1809.4233181998072
1751,l,a,n,e,s,1809.5312135911208
1008,c,u,l,p,a,1810.2430418483466
2060,r,i,n,g,s,1811.0558341321826
310,b,a,y,e,d,1811.3897919294373
737,c,h,e,e,k,1811.8800367030274
1958,p,i,l,o,t,1812.3703045847044
809,c,l,a,w,s,1812.5637872929742
1880,n,i,c,e,r,1812.6385422918108
584,b,u,l,b,s,1813.198458964681
1927,p,a,n,i,c,1813.3254916683973
719,c,h,a,i,n,1813.4846175392815
1814,m,a,r,k,s,1813.7909429943447
2443,w,a,v,e,s,1813.964361871278
1595,f,r,a,u,d,1815.8493580615304
1218,d,o,z,e,r,1816.0413495519488
1199,d,o,s,e,s,1816.7252929448937
2478,w,o,r,r,y,1817.8019457616388
2335,t,o,n,e,s,1819.422324897259
1825,m,e,a,n,t,1820.2173958076114
708,c,e,d,e,d,1820.4273623386796
9,a,b,o,d,e,1821.3912566884721
1597,f,r,i,e,d,1823.236968079466
929,c,o,v,e,n,1824.260321449556
327,b,e,c,k,s,1824.591975463913
599,b,u,o,y,s,1825.1966432592662
2036,r,a,t,i,o,1826.6844638581917
569,b,r,o,w,s,1826.760755719388
184,a,r,t,s,y,1827.2374599817135
2150,s,h,o,o,t,1827.5825849703565
634,c,a,c,t,i,1827.9302744180686
1035,c,y,s,t,s,1828.4506786045702
1146,d,i,r,t,y,1828.9913918586144
1466,f,a,w,n,s,1828.9941164488632
1430,f,a,d,e,r,1829.781193949515
1448,f,a,r,c,e,1829.8962096168689
949,c,r,a,s,s,1830.4305383597764
1381,e,r,a,s,e,1831.1588983271652
76,a,i,r,e,d,1831.747264054093
1118,d,i,c,e,d,1832.5467797250067
935,c,o,w,e,r,1832.6325054663573
2414,v,e,r,s,e,1832.7874845724336
2423,v,i,t,a,l,1833.597705794339
466,b,o,l,t,s,1834.3772346439362
885,c,o,m,m,a,1834.7085623246085
2469,w,i,t,c,h,1835.9744553318105
1839,m,e,t,r,o,1836.1009267077602
1562,f,l,a,s,k,1836.1124407653572
1083,d,e,e,m,s,1836.63217163651
180,a,r,r,a,y,1836.7273117998068
1784,l,o,a,n,s,1838.10849624292
371,b,i,d,d,y,1838.9788533874043
1940,p,e,a,c,h,1839.552962489653
161,a,p,t,l,y,1840.0002941629143
1850,m,i,x,e,s,1840.9725799830348
189,a,s,i,d,e,1841.2697306906698
1491,f,e,r,n,y,1842.309788451126
486,b,o,o,n,s,1843.0333274048783
1511,f,i,e,r,y,1844.0199022700413
918,c,o,r,n,y,1845.071191808441
1687,h,i,r,e,d,1845.3929111374812
301,b,a,t,e,d,1846.6722154464564
602,b,u,r,k,a,1846.7394002924477
2408,v,a,p,o,r,1847.8913305983283
1479,f,e,i,n,t,1848.1605692689811
695,c,a,t,c,h,1848.2333215738754
1516,f,i,l,c,h,1849.0763023147188
2319,t,h,o,s,e,1849.7303642967247
1545,f,i,x,e,d,1850.0448122736173
2346,t,o,w,n,s,1850.078297750402
213,a,u,n,t,s,1850.2093818592318
1820,m,a,t,t,e,1851.7524384911374
1371,e,n,s,u,e,1852.4489192863116
624,b,y,r,e,s,1852.7007501655687
1844,m,i,n,d,s,1853.5427387208947
1677,h,e,a,v,y,1853.7795737136362
1400,e,v,i,l,s,1854.3196262497236
73,a,i,m,e,d,1854.418631498913
875,c,o,l,o,r,1855.6640783561181
1127,d,i,l,l,s,1855.741457969985
604,b,u,r,n,s,1856.264438712914
1041,d,a,i,l,y,1857.0850467136618
2148,s,h,o,e,s,1858.9452964131647
218,a,u,x,i,n,1859.9287442682705
2397,u,r,b,a,n,1860.380010283757
437,b,l,o,w,n,1860.3955425980928
644,c,a,k,e,s,1863.121973176694
2012,p,u,r,s,e,1864.0763917145405
771,c,h,o,p,s,1865.0237880251043
1112,d,e,v,i,l,1865.719621792193
951,c,r,a,v,e,1866.4493180101967
299,b,a,s,t,e,1866.9358632424153
2105,s,c,a,r,y,1867.223678211885
1950,p,h,a,s,e,1867.5944232061702
1261,d,r,u,p,e,1870.1483453667838
649,c,a,l,l,s,1870.9930958149607
288,b,a,s,a,l,1871.2431152674599
1302,d,y,a,d,s,1872.7573945269464
630,c,a,b,i,n,1873.887303740131
1107,d,e,r,b,y,1875.8473186403414
697,c,a,t,t,y,1876.5200087294254
580,b,u,g,g,y,1876.8469878032936
1390,e,t,h,i,c,1876.9971552661136
56,a,g,a,p,e,1877.0135169471098
852,c,o,c,c,i,1877.2003165708009
981,c,r,o,f,t,1877.8752630702438
668,c,a,p,e,d,1878.1851720289922
2101,s,c,a,l,p,1878.5853796966453
1361,e,m,p,t,y,1878.6648533488767
2268,s,u,i,t,e,1879.0042824719674
1080,d,e,c,o,y,1879.244076597709
2296,t,e,a,r,s,1882.968906405237
428,b,l,o,c,k,1883.2941222579254
1575,f,l,o,a,t,1884.6730008243317
1956,p,i,l,e,s,1885.09032520663
436,b,l,o,t,s,1885.4130253170904
2106,s,c,e,n,e,1885.7406674347146
2334,t,o,k,e,n,1887.2238647817817
457,b,o,f,f,o,1887.3343819317138
2393,u,n,i,t,y,1887.7101591275796
1795,l,o,s,e,s,1888.1277700417766
515,b,o,x,e,d,1889.0545661458564
379,b,i,k,e,r,1890.9379294908965
1522,f,i,l,l,y,1892.650341758361
258,b,a,k,e,r,1893.3448911847195
970,c,r,i,c,k,1894.0042798871623
2258,s,t,o,v,e,1894.604775717373
96,a,l,l,o,w,1894.9697889914078
1521,f,i,l,l,s,1895.6117237904764
1227,d,r,a,n,k,1895.7235428350043
332,b,e,e,r,s,1895.8382179396417
2281,s,w,o,r,d,1895.87291920134
870,c,o,l,d,s,1897.0862647320319
1691,h,o,l,l,y,1897.7307733441419
1017,c,u,r,i,a,1898.1137715593989
2419,v,i,r,a,l,1899.8680379115344
1829,m,e,e,t,s,1900.5708930119206
1099,d,e,m,o,n,1901.6649721630029
910,c,o,r,e,r,1901.6765247255057
690,c,a,s,e,d,1902.2361200085338
211,a,u,g,h,t,1903.8125543251308
616,b,u,s,t,y,1903.86634168492
346,b,e,l,l,s,1904.9296820648776
1237,d,r,e,s,s,1904.9600199726751
926,c,o,u,p,e,1906.0479832750507
110,a,l,u,m,s,1907.2610787394667
1547,f,i,x,e,s,1907.7139627536244
937,c,o,y,l,y,1907.9038044815934
1734,k,i,c,k,s,1909.2904331668005
1028,c,u,t,i,e,1909.3088682389116
1608,g,a,m,m,a,1912.8749408781366
672,c,a,p,o,s,1913.520696320498
2005,p,s,a,l,m,1915.6620304431756
2221,s,p,o,t,s,1917.1607646970458
710,c,e,i,l,i,1918.2621688449667
1985,p,o,s,e,s,1921.0860003267528
1308,e,a,r,e,d,1921.403140723364
601,b,u,r,g,s,1922.7899085296283
2158,s,i,e,g,e,1923.0178668385972
2153,s,h,o,r,t,1923.7435113910494
1909,o,p,t,e,d,1924.3439051602325
185,a,s,a,n,a,1925.411903873628
508,b,o,u,l,e,1926.8625739044762
1171,d,o,g,g,y,1927.5557809124218
2161,s,i,g,n,s,1927.924683535348
1539,f,i,r,s,t,1928.3761560470593
372,b,i,d,e,d,1929.8757960770174
1259,d,r,u,m,s,1931.7281302170134
357,b,e,r,m,s,1932.0055331097585
1779,l,i,s,t,s,1933.434580923695
956,c,r,e,a,k,1933.7323979776847
317,b,e,a,m,y,1933.8653670578412
712,c,e,l,l,o,1935.0819581957269
2255,s,t,o,r,e,1935.1642846102377
1012,c,u,p,p,a,1935.624538524892
2351,t,r,a,d,e,1936.4528125864053
783,c,h,u,r,n,1938.4144067733614
291,b,a,s,e,s,1938.4807258200426
881,c,o,m,e,s,1938.698431969115
1846,m,i,n,o,r,1940.21570676991
2001,p,r,o,p,s,1941.582611808756
2380,t,u,t,o,r,1941.8217709604696
2410,v,e,g,a,n,1942.0992663508653
2461,w,i,d,o,w,1942.4126479501574
2043,r,e,b,e,l,1942.9105190355392
948,c,r,a,s,h,1943.2022167434186
1624,g,l,o,r,y,1943.3536512692365
426,b,l,o,a,t,1944.8805338405896
451,b,o,a,t,s,1945.5814409608079
1365,e,n,e,m,a,1946.7056297205106
4,a,b,b,e,y,1946.745561989003
594,b,u,n,d,s,1948.5127470574957
509,b,o,u,n,d,1948.9063677676197
1149,d,i,s,h,y,1950.0064414794797
1437,f,a,i,t,h,1950.1341815722444
1170,d,o,g,e,s,1950.8276101980523
1364,e,n,d,o,w,1951.6797044095936
2253,s,t,o,o,l,1952.4055703051022
456,b,o,d,e,s,1954.1374390947456
864,c,o,h,o,s,1956.402937892915
101,a,l,o,h,a,1956.6617440617754
2401,u,s,e,r,s,1957.6010223941853
53,a,f,o,r,e,1958.3243636550653
586,b,u,l,k,s,1958.7570629527906
1223,d,r,a,i,n,1958.925220063769
671,c,a,p,o,n,1958.939754474283
1549,f,j,o,r,d,1959.808300120254
2230,s,t,a,m,p,1959.905513826584
273,b,a,n,e,s,1960.4111290845806
2164,s,i,t,e,s,1960.4237877535475
1620,g,i,v,e,s,1960.4508559268052
238,a,x,l,e,s,1966.2508020881824
2363,t,r,i,c,k,1967.2417497883202
506,b,o,t,c,h,1968.3234204018322
1180,d,o,m,e,d,1968.674903280184
1268,d,u,c,h,y,1969.1278300625634
1133,d,i,n,e,d,1969.2328220720383
2454,w,h,e,r,e,1969.3468580173508
1241,d,r,i,e,s,1970.2673184501762
2429,v,o,t,e,d,1971.7123862966725
709,c,e,d,e,s,1971.999592865407
405,b,l,a,n,d,1975.7287602743809
1697,h,o,p,e,s,1975.867009977565
182,a,r,s,e,s,1976.6540416865914
637,c,a,d,r,e,1977.0969469211584
431,b,l,o,k,e,1977.3642854843001
2075,r,o,m,a,n,1978.0462859379516
1586,f,o,n,t,s,1978.400994693246
2288,t,a,n,k,s,1979.349299102043
1906,o,n,s,e,t,1979.4585395002907
2358,t,r,e,a,t,1980.3245389251597
686,c,a,r,r,y,1983.1453701196463
1018,c,u,r,i,o,1983.2307428017111
1898,o,c,c,u,r,1984.490841764441
1000,c,u,b,b,y,1985.788102559767
1054,d,a,r,t,s,1985.8424567745649
462,b,o,i,l,s,1988.1006447308685
1848,m,i,x,e,d,1988.3981636438828
1348,e,l,o,p,e,1989.8307009780945
1160,d,i,v,e,s,1990.071302218899
1739,k,n,e,e,s,1990.2597990307133
1770,l,i,k,e,s,1990.7056539875164
583,b,u,i,l,t,1991.1772952144345
1968,p,l,a,n,t,1991.6778992507368
392,b,i,p,o,d,1992.5974107409695
524,b,r,a,g,s,1992.6224080082566
136,a,n,i,m,a,1992.6444175586093
19,a,c,i,n,g,1993.1966145695872
227,a,w,a,r,d,1993.4949796853277
33,a,d,e,p,t,1993.7325506006557
813,c,l,e,a,t,1994.5375349272474
1932,p,a,r,t,y,1994.9691884832635
2251,s,t,o,n,e,1996.7474062066453
1488,f,e,r,a,l,1996.873279636425
1565,f,l,a,y,s,1997.4204177939087
1607,g,a,m,e,s,1998.8065905532549
107,a,l,t,a,r,1999.2890719406143
1937,p,a,t,i,o,2001.5740664087525
424,b,l,i,s,s,2002.8968866216119
922,c,o,u,c,h,2003.2485383903543
1524,f,i,l,m,y,2004.8606853614015
2327,t,i,m,e,r,2005.6177650777568
1464,f,a,v,e,s,2005.8733053443277
85,a,l,i,a,s,2006.5966767949858
2350,t,r,a,c,t,2007.0291271258398
718,c,h,a,f,f,2008.0058872136703
1441,f,a,k,i,e,2008.0892363468736
1181,d,o,m,e,s,2009.1767303211343
2135,s,h,a,r,k,2009.9146875599758
760,c,h,i,n,g,2010.6761027813852
278,b,a,r,d,s,2010.739152143344
1460,f,a,u,l,t,2010.9544432924872
842,c,l,u,m,p,2012.6704092252614
2053,r,e,t,r,o,2014.7956105020723
1797,l,o,v,e,r,2017.8121447070523
688,c,a,r,t,s,2019.1468032864059
528,b,r,a,n,d,2019.3726844562123
1394,e,u,r,o,s,2019.8436905917874
1943,p,e,d,a,l,2019.9109349462453
694,c,a,s,t,s,2020.1610825526693
423,b,l,i,p,s,2020.5573415629215
1037,d,a,c,h,a,2022.3542565416224
588,b,u,l,l,a,2022.6225649614285
747,c,h,i,c,a,2022.9019156544025
206,a,t,o,p,y,2023.1360729270764
1056,d,a,t,e,d,2024.2128248642414
2047,r,e,l,a,y,2024.3241338847074
1529,f,i,n,d,s,2026.2505103385313
2493,y,i,e,l,d,2027.9296390534707
643,c,a,k,e,d,2028.157752661324
254,b,a,i,r,n,2031.0499097980103
315,b,e,a,k,s,2032.5765755489876
2114,s,e,a,l,s,2033.7938451553894
984,c,r,o,o,k,2035.713573800265
198,a,s,t,e,r,2036.3013779030105
1424,f,a,c,e,r,2037.94976404145
1285,d,u,n,e,s,2039.6216393821157
2444,w,e,a,r,s,2041.3187463599336
142,a,n,n,e,x,2041.3398150815901
2140,s,h,e,l,f,2041.4603141657328
821,c,l,i,n,e,2041.706653683335
696,c,a,t,e,r,2042.1642444435204
1344,e,l,e,c,t,2042.8830246870316
2398,u,r,g,e,d,2043.8151462604792
558,b,r,o,a,d,2043.8982914917326
477,b,o,n,k,s,2044.408322983093
541,b,r,e,a,m,2044.9093668406401
318,b,e,a,n,s,2046.9027938867293
1657,g,u,e,s,s,2049.626240783891
2082,r,o,u,t,e,2051.290858235785
726,c,h,a,p,s,2051.7672998600347
1370,e,n,r,o,l,2051.862249228454
217,a,u,t,o,s,2052.677415688733
988,c,r,o,u,p,2054.267596206597
2484,w,r,a,t,h,2055.8619015567533
1340,e,j,i,d,o,2058.3381635943365
1926,p,a,n,e,l,2060.5434457284605
741,c,h,e,m,o,2060.841116265178
283,b,a,r,k,s,2063.3236283777437
1664,h,a,l,l,s,2064.848738451455
1612,g,e,a,r,s,2065.495742342705
2070,r,o,c,k,s,2066.4500625245637
2078,r,o,p,e,s,2066.678952353238
1027,c,u,t,e,r,2066.7448698548155
560,b,r,o,i,l,2067.50943325163
1233,d,r,e,a,d,2070.970658458331
1696,h,o,p,e,d,2071.00992699652
960,c,r,e,e,k,2071.79621521859
660,c,a,n,e,d,2074.8733931451675
1482,f,e,l,o,n,2074.94471927147
1005,c,u,d,d,y,2075.610106966518
1499,f,e,t,u,s,2076.9562093160525
2282,s,y,r,u,p,2077.3330300670623
1134,d,i,n,e,r,2077.9465420485876
2344,t,o,w,e,l,2077.984516890555
1925,p,a,i,r,s,2078.743504681874
404,b,l,a,m,e,2079.851899301917
6,a,b,e,t,s,2080.159547746685
397,b,i,t,c,h,2080.689562655923
1982,p,o,r,e,s,2080.9699766706103
2242,s,t,e,e,p,2081.0431298788935
1341,e,l,a,n,d,2082.023884155193
898,c,o,o,e,d,2084.5163076683416
1930,p,a,r,k,s,2086.709369943355
1189,d,o,o,r,s,2086.747064023562
2313,t,h,i,c,k,2088.232477879941
1016,c,u,r,e,s,2091.000204741113
836,c,l,o,v,e,2092.787701719211
66,a,g,r,e,e,2092.9369608466254
2041,r,e,a,d,y,2095.563568285982
1082,d,e,e,d,s,2096.1414680178377
978,c,r,o,a,k,2096.569826982323
1681,h,e,l,p,s,2098.581382503565
2124,s,e,r,v,e,2100.1783198695357
826,c,l,o,c,k,2100.8274502883273
1902,o,l,d,e,r,2102.8478490813986
579,b,u,f,f,s,2103.1268445206324
2190,s,o,c,k,s,2104.466001388081
1560,f,l,a,r,e,2104.995814191654
501,b,o,r,o,n,2106.1934563283226
2266,s,u,c,k,s,2107.407566154519
2325,t,i,g,h,t,2109.5629350244985
700,c,a,v,e,d,2111.0196929464314
146,a,n,o,l,e,2112.8768369537333
2424,v,i,v,i,d,2113.939564638427
682,c,a,r,o,b,2115.243578831081
1531,f,i,n,e,r,2117.0277347650467
2017,q,u,i,c,k,2117.4288029508893
129,a,m,u,s,e,2117.982094930723
1362,e,n,a,c,t,2121.5916677176997
308,b,a,w,d,y,2121.712157069894
1120,d,i,c,e,y,2122.0375159826735
1703,h,o,u,s,e,2124.3953673971655
1402,e,w,e,r,s,2125.1084751948306
2045,r,e,i,g,n,2126.9666003650573
631,c,a,b,l,e,2127.6454307637746
855,c,o,c,o,a,2129.423797811578
1074,d,e,b,u,t,2132.553950744665
1756,l,a,u,g,h,2133.5137138485834
1563,f,l,a,t,s,2134.9453509449136
1832,m,e,r,c,y,2136.0538237068636
950,c,r,a,t,e,2138.1258319216304
1502,f,e,w,e,r,2138.3967254815543
1445,f,a,n,c,y,2140.5752515652944
2196,s,o,n,i,c,2140.614595789185
1098,d,e,l,v,e,2145.8087668719895
160,a,p,t,e,r,2147.1728655287748
1922,p,a,g,e,s,2147.594423557526
338,b,e,g,i,n,2150.456528635806
2194,s,o,l,v,e,2157.2850025742496
78,a,l,a,r,m,2158.5552633624775
1869,n,a,m,e,d,2158.858305082204
1789,l,o,g,i,c,2159.5227180612696
1835,m,e,r,r,y,2160.781416565129
1004,c,u,b,i,t,2165.7820560450464
242,a,z,u,r,e,2166.2266244942243
2034,r,a,t,e,d,2167.214145939943
805,c,l,a,s,h,2169.2959990681675
2487,w,r,o,n,g,2169.4589505703866
1750,l,a,n,d,s,2176.7861044181964
556,b,r,i,s,k,2177.3870294139865
897,c,o,n,k,s,2178.621809187362
2118,s,e,e,k,s,2179.7037545258027
418,b,l,i,m,p,2183.887829451509
1794,l,o,r,d,s,2186.0937928778953
48,a,e,o,n,s,2188.627046715855
976,c,r,i,s,p,2193.034549811525
145,a,n,o,d,e,2193.8379665674547
1912,o,r,d,e,r,2198.2225118835463
1215,d,o,y,e,n,2200.064372582126
1908,o,p,e,r,a,2204.636726990172
947,c,r,a,p,s,2206.295508264125
1536,f,i,r,e,d,2207.3885486597424
503,b,o,s,o,n,2208.494551990585
780,c,h,u,m,p,2208.916244355194
2304,t,e,r,m,s,2209.0168318397896
261,b,a,l,e,d,2212.348156520712
398,b,i,t,e,r,2212.3714865156517
2464,w,i,n,e,s,2212.4798134839357
884,c,o,m,i,c,2212.7709096866233
1379,e,q,u,a,l,2216.5264932204436
156,a,p,p,l,e,2216.955565614275
765,c,h,i,t,s,2219.0880551536857
1528,f,i,n,c,h,2221.5855620865977
2447,w,e,i,g,h,2221.9361628273778
263,b,a,l,e,s,2222.7502232372267
1510,f,i,e,n,d,2223.733056297014
1987,p,o,u,c,h,2230.36111306142
401,b,i,t,t,y,2231.9917302819063
197,a,s,s,e,t,2232.3342581570196
675,c,a,r,b,o,2234.69167570917
1667,h,a,n,g,s,2235.584653260789
1583,f,o,c,a,l,2240.8858697473534
1873,n,a,v,a,l,2243.0160957196035
1561,f,l,a,s,h,2252.8681702303775
2370,t,r,u,m,p,2252.922760268398
391,b,i,o,t,a,2253.5708231683275
1858,m,o,t,o,r,2255.304516204401
1990,p,r,e,s,s,2256.2941486617005
681,c,a,r,g,o,2257.263213047082
566,b,r,o,o,m,2257.760675080255
1884,n,i,n,t,h,2258.201895011662
1894,n,o,v,e,l,2259.27732975639
678,c,a,r,e,d,2260.300370693357
1443,f,a,l,l,s,2272.2445323103193
422,b,l,i,n,k,2272.6534170078216
1934,p,a,s,t,e,2273.9150498544204
1978,p,o,l,e,s,2275.788625778421
1339,e,j,e,c,t,2282.2976774901904
1228,d,r,a,p,e,2288.2110576050814
840,c,l,u,e,d,2291.623257218698
945,c,r,a,n,k,2292.455091759601
774,c,h,o,s,e,2294.3408654434224
856,c,o,d,a,s,2299.9367550427764
792,c,i,v,e,t,2300.6359795232884
1164,d,o,c,k,s,2310.1768938701093
2438,w,a,r,n,s,2310.3593561054477
1731,j,u,i,c,y,2314.0116914366477
2065,r,i,s,k,y,2315.140907022246
1065,d,e,a,l,s,2315.442269852595
1594,f,r,a,m,e,2319.8029322091875
554,b,r,i,n,k,2329.7723407856706
1717,i,n,d,i,e,2337.9415137776814
923,c,o,u,g,h,2338.500115602628
1282,d,u,m,p,s,2341.352465453109
1426,f,a,c,e,t,2343.568535901774
1659,g,u,i,d,e,2350.5385939042785
1674,h,e,a,d,s,2352.181522581455
279,b,a,r,e,d,2352.7483656067125
1627,g,l,u,e,d,2360.4194754858445
1267,d,u,c,a,t,2362.907007120333
609,b,u,r,r,s,2365.0487692962156
2322,t,h,r,o,w,2370.8464389787127
222,a,v,i,a,n,2376.0435457977114
344,b,e,l,i,e,2376.700930004797
544,b,r,i,a,r,2383.987738893867
445,b,l,u,r,s,2384.943916145337
1603,f,u,l,l,y,2391.3786271107024
578,b,u,d,g,e,2391.5169308499653
1647,g,r,i,e,f,2392.619643983261
2476,w,o,r,l,d,2398.830124502823
2248,s,t,i,l,l,2399.208914005043
1775,l,i,n,e,r,2399.6562804590553
1475,f,e,c,e,s,2402.2417796873574
901,c,o,o,p,s,2403.951601807363
2089,r,u,r,a,l,2406.9171762747073
1414,e,x,p,o,s,2407.7088885376284
1903,o,l,i,v,e,2409.879831288916
891,c,o,n,d,o,2425.9026937364924
479,b,o,n,u,s,2429.667709041711
60,a,g,g,r,o,2430.4829501040476
701,c,a,v,e,r,2431.2493989862155
28,a,d,a,g,e,2433.095935966107
105,a,l,o,u,d,2434.487712348207
749,c,h,i,c,o,2439.304960041503
1183,d,o,n,g,s,2440.072124078777
1058,d,a,t,e,s,2443.244963464764
1550,f,l,a,c,k,2443.745622769337
2186,s,m,o,k,e,2449.630955669171
1490,f,e,r,n,s,2454.949365602534
2122,s,e,n,s,e,2457.5629443672924
967,c,r,e,s,t,2458.392458299268
2044,r,e,f,e,r,2464.241538705785
563,b,r,o,n,c,2468.011910700395
1670,h,a,t,e,d,2471.070164892816
1264,d,r,y,l,y,2471.2441090351986
1373,e,n,t,r,y,2472.505561325113
839,c,l,u,c,k,2486.6571757271895
1714,i,n,b,o,x,2493.796703823951
973,c,r,i,e,s,2515.3046428429825
154,a,p,h,i,d,2519.397969366212
2033,r,a,p,i,d,2522.9397373683873
574,b,r,u,t,e,2524.454057114297
2232,s,t,a,r,k,2541.4353505262898
2402,u,s,i,n,g,2541.5232515600396
370,b,i,c,e,p,2541.659775878631
1538,f,i,r,m,s,2542.7111836536897
1896,n,y,l,o,n,2547.4603263490612
1354,e,m,b,e,d,2547.7680808798154
2271,s,u,p,e,r,2557.784109142992
2457,w,h,i,t,e,2566.4149050813994
2084,r,u,g,b,y,2573.3351403023516
31,a,d,d,e,r,2576.589914670628
807,c,l,a,s,s,2585.587955008214
763,c,h,i,p,s,2586.0866178604606
461,b,o,g,u,s,2588.8080873840586
1816,m,a,s,k,s,2590.9647395594466
2262,s,t,u,c,k,2594.299384058521
39,a,d,m,i,t,2596.7428080797126
734,c,h,e,a,p,2616.592935094527
787,c,i,n,c,h,2628.250484853916
866,c,o,i,l,s,2636.70392125181
1596,f,r,e,s,h,2639.8678505990338
853,c,o,c,k,s,2649.840235734667
295,b,a,s,i,s,2657.3198709735566
1372,e,n,t,e,r,2665.447144916216
952,c,r,a,w,l,2669.215948875514
816,c,l,e,r,k,2699.816499117371
131,a,n,g,e,l,2701.534986462304
639,c,a,g,e,d,2711.623110644559
2116,s,e,a,t,s,2722.154203314645
1478,f,e,i,g,n,2739.5142282579427
1754,l,a,s,t,s,2744.623627937768
810,c,l,a,y,s,2749.647517518434
1216,d,o,z,e,d,2752.2610968352924
1841,m,i,d,s,t,2776.448563644126
1306,e,a,g,e,r,2788.622822295767
441,b,l,u,e,y,2800.946308347085
1986,p,o,s,t,s,2812.4048107863687
1500,f,e,u,d,s,2825.2654042058166
323,b,e,a,u,s,2876.2107436129913
555,b,r,i,n,y,2930.8906366909755
2300,t,e,m,p,o,2935.263421998667
1299,d,w,e,e,b,2981.351432533865
673,c,a,p,u,t,3000.586781243955
1221,d,r,a,f,t,3026.877335861794
1078,d,e,c,k,s,3044.3581355191827
1369,e,n,o,k,i,3083.165957216876
1963,p,i,z,z,a,3127.7684515540864
2331,t,i,t,l,e,3132.638194218703
1812,m,a,p,l,e,3195.120292759153
70,a,i,d,e,r,3240.9469741999606
92,a,l,k,y,l,3353.5239553994984
1150,d,i,s,k,s,3501.2630287376655